Workbook

Sheet New Item Fetch Sheet
A1: PO References | B1: LPO No | C1: LPO Date | D1: Supplier Name | E1: New Item Code | F1: New Item Name | G1: Item Group | H1: Qty | I1: Unit Price | J1: UOM | K1: Warehouse/Project
A2: MRG-LPO-00022 | B2: 1 | C2: 4th September 2025 | D2: AJMAN GAS LLC | E2: PROPANE HIGH PRESSURE REGULATOR WITH GUAGE | F2: PROPANE HIGH PRESSURE REGULATOR WITH GUAGE | G2: WATERPROOFING GASS | H2: 1 | I2: 200 | J2: Nos | K2: Stores - MRG | L2: {=IFERROR(TOCOL(TEXTSPLIT(_xlfn.TEXTJOIN(CHAR(10),TRUE,'Main Sheet'!L2:L5000),,CHAR(10),TRUE),1),"")}
E3: HIGH PRESSURE REGULATOR | F3: HIGH PRESSURE REGULATOR | G3: WATERPROOFING GASS | H3: 1 | I3: 160 | J3: Nos
E4: CP-WATERPRROFING_GAS_(22KG) | F4: WATERPRROFING GAS (22KG) | G4: WATERPROOFING GASS | H4: 14 | I4: 110 | J4: Nos
A5: MRG-LPO-00079 | B5: 2 | D5: AJMAN GAS LLC | E5: CP-WATERPRROFING_GAS_(22KG) | F5: WATERPRROFING GAS (22KG) | G5: WATERPROOFING GASS | H5: 272 | I5: 126 | J5: Nos
A6: MRG-LPO-00610 | B6: 3 | D6: Al Gurg Fosroc LLC | E6: CP-NITOCOTE_CM210_GREY_(_PART_A_15KG+_PART_B_5KG) | F6: NITOCOTE CM210 GREY ( PART A 15KG+ PART B 5KG) | G6: CEMENTITIOUS COATING | H6: 150 | I6: 66 | J6: Nos
A7: MRG-LPO-00133 | B7: 4 | D7: Al Nawras Printing Press Services | E7: CP-STICKER_10_X_5_CM | F7: STICKER 10 X 5 CM | G7: PRINTING & STATIONERY | H7: 60 | I7: 0.5 | J7: Nos
E8: STICKER 20 X 15 CM | F8: STICKER 20 X 15 CM | G8: PRINTING & STATIONERY | H8: 20 | I8: 1.5 | J8: Nos
A9: MRG-LPO-00168 | B9: 5 | D9: AL YASIN EQUIPMENT RENTAL LLC | E9: HIRE OF POWER FLOAT | F9: HIRE OF POWER FLOAT | G9: EQUIPMENT, TRANSPORT & MACHINERY | H9: 22 | I9: 60 | J9: Day
A10: MRG-LPO-00413 | B10: 6 | D10: ANCHOR ALLIED FACTORY L.L.C | E10: CP-ASMACO_PUF_4040_(220KG_DRUM) | F10: ASMACO PUF 4040 (220KG DRUM) | G10: PU FOAM | H10: 24 | I10: 2530 | J10: Nos
E11: CP-ASMACO_PUF_MDI_(250KG_DRUM) | F11: ASMACO PUF MDI (250KG DRUM) | G11: PU FOAM | H11: 24 | I11: 2875 | J11: Nos
A12: MRG-LPO-00132-1, MRG-LPO-00211, MRG-LPO-00232, MRG-LPO-00333, MRG-LPO-00351, MRG-LPO-00522, MRG-LPO-00577 | B12: 7 | D12: AWAZEL INTERNATIONAL CO LLC | E12: CP-AWAZEL_FABRIC_(1M*50M) | F12: AWAZEL FABRIC (1M*50M) | G12: FABRIC MESH | H12: 50 | I12: 150 | J12: Nos
E13: CP-AWAZEL_PU_111_ISOCYNATE_(250KG_DRUM) | F13: AWAZEL PU 111 ISOCYNATE (250KG DRUM) | G13: PU FOAM | H13: 28 | I13: 3250 | J13: Nos
E14: CP-AWAZEL_PU_4045_POLYOL_(220KG_DRUM) | F14: AWAZEL PU 4045 POLYOL (220KG DRUM) | G14: PU FOAM | H14: 28 | I14: 2860 | J14: Nos
E15: CP-AWAZEL_PU_4048_POLYOL_(220KG_DRUM) | F15: AWAZEL PU 4048 POLYOL (220KG DRUM) | G15: PU FOAM | H15: 4 | I15: 2640 | J15: Nos
E16: CP-AWAZELBOND_BS_1000_(1M*10M_ROLL) | F16: AWAZELBOND BS 1000 (1M*10M ROLL) | G16: MEMBRANE | H16: 228 | I16: 280 | J16: Nos
E17: CP-MS_60_6MM_PROTECTION_BOARD_(1M*2M_) | F17: MS 60 6MM PROTECTION BOARD (1M*2M ) | G17: PROTECTION BOARD | H17: 150 | I17: 38 | J17: Nos
E18: CP-PY40200L_BSP_10_M_MEMBRANE_SBS_MODIFIED_200G___(1M*10M_ROLL) | F18: PY40200L BSP 10 M MEMBRANE SBS MODIFIED 200G (1M*10M ROLL) | G18: MEMBRANE | H18: 161 | I18: 138 | J18: Nos
E19: CP-PY40L_BSP_10_M_MEMBRANE_SBS_MODIFIED_POLYES_180G___(1M*10M_ROLL) | F19: PY40L BSP 10 M MEMBRANE SBS MODIFIED POLYES 180G (1M*10M ROLL) | G19: MEMBRANE | H19: 69 | I19: 125 | J19: Nos
A20: MRG-LPO-00211, MRG-LPO-00220, MRG-LPO-00351, MRG-LPO-00615 | B20: 8 | D20: AWAZEL INTERNATIONAL CO LLC | E20: CP-AWAZEL_PU_111_ISOCYNATE_(250KG_DRUM) | F20: AWAZEL PU 111 ISOCYNATE (250KG DRUM) | G20: PU FOAM | H20: 4 | I20: 3000 | J20: Nos
E21: CP-AWAZEL_PU_4045_POLYOL_(220KG_DRUM) | F21: AWAZEL PU 4045 POLYOL (220KG DRUM) | G21: PU FOAM | H21: 18 | I21: 2750 | J21: Nos
A22: MRG-LPO-00220, MRG-LPO-00231, MRG-LPO-00615, PUR-ORD-2026-00011 | B22: 9 | D22: AWAZEL INTERNATIONAL CO LLC | E22: CP-AWAZEL_PU_111_ISOCYNATE_(250KG_DRUM) | F22: AWAZEL PU 111 ISOCYNATE (250KG DRUM) | G22: PU FOAM | H22: 18 | I22: 3125 | J22: Nos
E23: CP-MS_60_6MM_PROTECTION_BOARD_(1M*2M_) | F23: MS 60 6MM PROTECTION BOARD (1M*2M ) | G23: PROTECTION BOARD | H23: 750 | I23: 32 | J23: Nos
A24: MRG-LPO-00231, PUR-ORD-2025-00005 | B24: 10 | D24: AWAZEL INTERNATIONAL CO LLC | E24: CP-PY40200L_BSP_10_M_MEMBRANE_SBS_MODIFIED_200G___(1M*10M_ROLL) | F24: PY40200L BSP 10 M MEMBRANE SBS MODIFIED 200G (1M*10M ROLL) | G24: MEMBRANE | H24: 690 | I24: 117 | J24: Nos
A25: MRG-LPO-00008 | B25: 11 | D25: CORROTECH CONSTRUCTION CHEMICALS L.L.C | E25: CP-CORROBOARD_3.2_MM__(1M*2M_) | F25: CORROBOARD 3.2 MM (1M*2M ) | G25: PROTECTION BOARD | H25: 6400 | I25: 17 | J25: Nos
E26: CP-CORROPRIME_SB(200LTR_/DRUM) | F26: CORROPRIME SB(200LTR /DRUM) | G26: BITUMEN | H26: 30 | I26: 750 | J26: Nos
E27: CP-CORROPRUFE_SBS_4180__(1M*10M_ROLL) | F27: CORROPRUFE SBS 4180 (1M*10M ROLL) | G27: MEMBRANE | H27: 3448 | I27: 96 | J27: Nos
A28: MRG-LPO-00118, MRG-LPO-00314 | B28: 12 | D28: CORROTECH CONSTRUCTION CHEMICALS L.L.C | E28: CP-CORROBOARD_3.2_MM__(1M*2M_) | F28: CORROBOARD 3.2 MM (1M*2M ) | G28: PROTECTION BOARD | H28: 200 | I28: 18.9 | J28: Nos
E29: CP-CORROPRUFE_SBS_4180__(1M*10M_ROLL) | F29: CORROPRUFE SBS 4180 (1M*10M ROLL) | G29: MEMBRANE | H29: 506 | I29: 115 | J29: Nos
A30: MRG-LPO-00554-2 | B30: 13 | D30: CORROTECH CONSTRUCTION CHEMICALS L.L.C | E30: CP-CORROPRUFE_SBS_4180__(1M*10M_ROLL) | F30: CORROPRUFE SBS 4180 (1M*10M ROLL) | G30: MEMBRANE | H30: 1012 | I30: 112 | J30: Nos
A31: MRG-LPO-00274-1, MRG-LPO-00602 | B31: 14 | D31: Duproof L.L.C | E31: CP-DUMASTIC_(20KG_PAIL) | F31: DUMASTIC (20KG PAIL) | G31: SEALANT | H31: 32 | I31: 115 | J31: Nos
E32: CP-DUPLAST_P_270_4MM_APP_MEMBRANE_(1M*10M_ROLL) | F32: DUPLAST P 270 4MM APP MEMBRANE (1M*10M ROLL) | G32: MEMBRANE | H32: 46 | I32: 148 | J32: Nos
E33: CP-DUPLAST_P_MEMBRANE_4MM___(1M*10M_ROLL) | F33: DUPLAST P-MEMBRANE 4MM (1M*10M ROLL) | G33: MEMBRANE | H33: 112 | I33: 144 | J33: Nos
E34: CP-DUPRIME_(200LTR_/DRUM) | F34: DUPRIME (200LTR /DRUM) | G34: BITUMEN | H34: 3 | I34: 1300 | J34: Nos
A35: MRG-LPO-00045-1 | B35: 15 | D35: GEOBIT INDUSTRIES L.L.C | E35: CP-BETOFLEX_4P_(1*10_MTR_ROLL) | F35: BETOFLEX 4P (1*10 MTR ROLL) | G35: MEMBRANE | H35: 460 | I35: 110 | J35: Nos
E36: CP-BETOFLEX_PU_ISO_BETOL_(250KG_DRUM) | F36: BETOFLEX PU-ISO BETOL (250KG DRUM) | G36: PU FOAM | H36: 20 | I36: 2150 | J36: Nos
E37: CP-BETOFLEX_PU_PPLY_BETOL_220KG_DRUM) | F37: BETOFLEX PU-PPLY BETOL 220KG DRUM) | G37: PU FOAM | H37: 20 | I37: 1892 | J37: Nos
A38: MRG-LPO-00197 | B38: 16 | D38: GREEN FUSION COMPUTER TRADING LLC | E38: CP-LEASE_CHARGES_FOR_PRINTER_(MONTHLY) | F38: LEASE CHARGES FOR PRINTER (MONTHLY) | G38: EQUIPMENT, TRANSPORT & MACHINERY | H38: 1 | I38: 420 | J38: Nos
A39: MRG-LPO-00197 | B39: 17 | D39: GREEN FUSION COMPUTER TRADING LLC | E39: CP-LEASE_CHARGES_FOR_PRINTER_(MONTHLY) | F39: LEASE CHARGES FOR PRINTER (MONTHLY) | G39: EQUIPMENT, TRANSPORT & MACHINERY | H39: 1 | I39: 350 | J39: Nos
A40: MRG-LPO-00056, MRG-LPO-00545 | B40: 18 | D40: GS ENTERPRISES FZ LLC | E40: CP-NW_120_GSM_PET__WHITE_(3_M_*100_M) | F40: NW 120 GSM PET -WHITE (3 M *100 M) | G40: GEOTEXTILE | H40: 1 | I40: 305 | J40: Nos
E41: CP-NW_250_GSM_PET__WHITE_(3_M_*100_M) | F41: NW 250 GSM PET -WHITE (3 M *100 M) | G41: GEOTEXTILE | H41: 50 | I41: 745 | J41: Nos
A42: PUR-ORD-2026-00018 | B42: 19 | D42: GS ENTERPRISES FZ LLC | E42: CP-NW_250_GSM_PET__WHITE_(3_M_*100_M) | F42: NW 250 GSM PET -WHITE (3 M *100 M) | G42: GEOTEXTILE | H42: 30 | I42: 560 | J42: Nos
A43: MRG-LPO-00307-1 | B43: 20 | D43: GS ENTERPRISES FZ LLC | E43: CP-NW_120_GSM_PET__WHITE_(3_M_*100_M) | F43: NW 120 GSM PET -WHITE (3 M *100 M) | G43: GEOTEXTILE | H43: 17 | I43: 335 | J43: Nos
A44: MRG-LPO-00057 | B44: 21 | D44: HUNTSMAN UAE FZE | E44: CP-HUNTSMAN_200_(250KG_DRUM) | F44: HUNTSMAN 200 (250KG DRUM) | G44: PU FOAM | H44: 12 | I44: =250*10.5 -> 2625 | J44: Nos
E45: CP-HUNTSMAN_SP_45_(220KG_DRUM) | F45: HUNTSMAN SP 45 (220KG DRUM) | G45: PU FOAM | H45: 12 | I45: =220*10.5 -> 2310 | J45: Nos
A46: MRG-LPO-00607 | B46: 22 | D46: IRSHAD KASHIM AND MOHAMMED AMEER STATIONERY LLC | E46: CP-PAPER_CLIP_233_(10_PKT/BOX) | F46: PAPER CLIP 233 (10 PKT/BOX) | G46: PRINTING & STATIONERY | H46: 1 | I46: 55 | J46: Nos
A47: MRG-LPO-00343, MRG-LPO-00454-1 | B47: 23 | D47: JANNAT AL FERDOS BUILDING MATERIALS TRADING LLC | E47: FIRE BLANKET | F47: FIRE BLANKET | G47: HARDWARE ITEMS | H47: 30 | I47: 6 | J47: Nos
E48: PAINT REFILL 9" | F48: PAINT REFILL 9" | G48: HARDWARE ITEMS | H48: 300 | I48: 2.75 | J48: Nos
A49: MRG-LPO-00454-1 | B49: 24 | D49: JANNAT AL FERDOS BUILDING MATERIALS TRADING LLC | E49: FIRE BLANKET | F49: FIRE BLANKET | G49: HARDWARE ITEMS | H49: 30 | I49: 16.5 | J49: Nos
A50: MRG-LPO-00052 | B50: 25 | D50: JK CEMENT WORK ( FUJAIRAH ) FZC | E50: CP-JK_PROFIX__WPC_11_(_PART_A_20KG+_PART_B_10KG) | F50: JK PROFIX -WPC 11 ( PART A 20KG+ PART B 10KG) | G50: CEMENTITIOUS COATING | H50: 100 | I50: 165 | J50: Nos
E51: CP-JK_PROFIX_PU_MDI_B_(250KG_DRUM) | F51: JK PROFIX PU MDI-B (250KG DRUM) | G51: PU FOAM | H51: 10 | I51: 2750 | J51: Nos
E52: CP-JK_PROFIX_PU_SPRAY_45_A_(220KG_DRUM) | F52: JK PROFIX PU SPRAY 45-A (220KG DRUM) | G52: PU FOAM | H52: 10 | I52: 2420 | J52: Nos
A53: PUR-ORD-2026-00019 | B53: 26 | D53: Kanz Chemical Ind LLC | E53: CP-CRESCOAT_RBE_10__(200LTR_/DRUM) | F53: CRESCOAT RBE 10 (200LTR /DRUM) | G53: BITUMEN | H53: 20 | I53: 350 | J53: Nos
A54: MRG-LPO-00281, MRG-LPO-00621 | B54: 27 | D54: MMT TRADING LLC | E54: CP-BAKING_ROD_20MM__(200_LM_X_20MM) | F54: BAKING ROD 20MM (200 LM X 20MM) | G54: BACKING ROD | H54: 20 | I54: 68 | J54: Nos
E55: CP-CANVAS_CLOTH_(25_PCS_PER_BUNDLE_) | F55: CANVAS CLOTH (25 PCS PER BUNDLE ) | G55: HARDWARE ITEMS | H55: 3 | I55: 400 | J55: Nos
E56: CP-MASKING_TAPE_2''X_25_YRD | F56: MASKING TAPE 2''X 25 YRD | G56: HARDWARE ITEMS | H56: 100 | I56: 38 | J56: Box
E57: POLYTHENE SHEET 100G | F57: POLYTHENE SHEET 100G | G57: HARDWARE ITEMS | H57: 100 | I57: 6.5 | J57: ROLL
E58: SCRAPER 2'' | F58: SCRAPER 2'' | G58: HARDWARE ITEMS | H58: 30 | I58: 1.4 | J58: Nos
E59: SCRAPPER 3 | F59: SCRAPPER 3 | G59: HARDWARE ITEMS | H59: 30 | I59: 1.55 | J59: Nos
E60: WELDING APRON | F60: WELDING APRON | G60: SAFETY ITEMS | H60: 35 | I60: 11.5 | J60: Nos
A61: MRG-LPO-00111-1, MRG-LPO-00450, MRG-LPO-00629 | B61: 28 | D61: Petrozo Energy L.L.C | E61: CP-RHEOSEAL_4S__200_GSM_SL_APP__(1M*10M_ROLL) | F61: RHEOSEAL 4S -200 GSM SL APP (1M*10M ROLL) | G61: MEMBRANE | H61: 1 | I61: 128 | J61: Nos
E62: CP-RHEOSEAL__SBS_4S_200__5___(_(1M*10M_ROLL) | F62: RHEOSEAL SBS 4S 200 -5 ( (1M*10M ROLL) | G62: MEMBRANE | H62: 138 | I62: 126 | J62: Nos
A63: MRG-LPO-00456 | B63: 29 | D63: Petrozo Energy L.L.C | E63: CP-RHEOSEAL__SBS_4S_200__5___(_(1M*10M_ROLL) | F63: RHEOSEAL SBS 4S 200 -5 ( (1M*10M ROLL) | G63: MEMBRANE | H63: 92 | I63: 128 | J63: Nos
A64: MRG-LPO-00018 | B64: 30 | D64: Reva International General Trading LLC | E64: CP-SIKA_TOP_550_SEAL_J__(_PART_A_15KG+_PART_B_5KG) | F64: SIKA TOP 550 SEAL J ( PART A 15KG+ PART B 5KG) | G64: CEMENTITIOUS COATING | H64: 150 | I64: 60 | J64: Nos
A65: PUR-ORD-2026-00013 | B65: 31 | D65: RUKN AL GHUWAIR TRADING | E65: MASON TROWEL 6'' | F65: MASON TROWEL 6'' | G65: HARDWARE ITEMS | H65: 50 | I65: 6 | J65: Nos
E66: PAINT REFILL 9" | F66: PAINT REFILL 9" | G66: HARDWARE ITEMS | H66: 200 | I66: 2.75 | J66: Nos
E67: CP-PAINT_ROLLER_WITH__REFILL_9" | F67: PAINT ROLLER WITH REFILL 9" | G67: HARDWARE ITEMS | H67: 500 | I67: 5.25 | J67: Nos
E68: CP-SAFETY_GOGGLES_BLACK | F68: SAFETY GOGGLES BLACK | G68: HARDWARE ITEMS | H68: 100 | I68: 2 | J68: Box
A69: MRG-LPO-00006, MRG-LPO-00023, MRG-LPO-00024, MRG-LPO-00055, MRG-LPO-00080, MRG-LPO-00089, MRG-LPO-00208-1, MRG-LPO-00287, MRG-LPO-00483, MRG-LPO-00536, MRG-LPO-00596 | B69: 32 | D69: SHERIDAN SPECIALIZED BUILDING PRODUCTS L.L.C | E69: CP-4MM_NEOFLEX_S4180_180GSM_(1M*10M_ROLL) | F69: 4MM NEOFLEX S4180 180GSM (1M*10M ROLL) | G69: MEMBRANE | H69: 276 | I69: 110 | J69: Nos
E70: FILLER BOARD 10MM THICK WITH 7CM CUTTING PCS | F70: FILLER BOARD | G70: PROTECTION BOARD | H70: 100 | I70: 32 | J70: Nos
E71: CP-GEOTEC__120_GSM_GEOTEXTILE__(3_M_*100_M) | F71: GEOTEC -120 GSM GEOTEXTILE (3 M *100 M) | G71: GEOTEXTILE | H71: 46 | I71: 414 | J71: Nos
E72: CP-NEOBOND_SBR_250_(_20LTR_/_PAIL_) | F72: NEOBOND SBR 250 ( 20LTR / PAIL ) | G72: BONDING AGENT | H72: 2 | I72: 128 | J72: Nos
E73: CP-NEONATE_MDI_(250KG_DRUM) | F73: NEONATE MDI (250KG DRUM) | G73: PU FOAM | H73: 6 | I73: 2025 | J73: Nos
E74: CP-NEOPOL_SRS_45__(220KG_DRUM) | F74: NEOPOL SRS 45 (220KG DRUM) | G74: PU FOAM | H74: 6 | I74: 1782 | J74: Nos
E75: CP-NEOSEAL_FLEX_550___WHITE__(_PART_A_15KG+_PART_B_5KG) | F75: NEOSEAL FLEX 550 - WHITE ( PART A 15KG+ PART B 5KG) | G75: CEMENTITIOUS COATING | H75: 1075 | I75: 47 | J75: Nos
E76: CP-NEOSEAL_FLEX_550__LIGHT_GREY_(PART_A_15KG+PART_B_5KG) | F76: NEOSEAL FLEX 550 -LIGHT GREY (PART A 15KG+PART B 5KG) | G76: CEMENTITIOUS COATING | H76: 450 | I76: 47 | J76: Nos
E77: CP-NEOSEAL_FLEX_588__GREY_(PART_A_25KG+PART_B_10KG) | F77: NEOSEAL FLEX 588 -GREY (PART A 25KG+PART B 10KG) | G77: CEMENTITIOUS COATING | H77: 50 | I77: 110 | J77: Nos
E78: CP-NEOSEAL_FLEX_588__WHITE_(PART_A_26.25_KG+PART_B_8.75_KG) | F78: NEOSEAL FLEX 588 -WHITE (PART A 26.25 KG+PART B 8.75 KG) | G78: CEMENTITIOUS COATING | H78: 100 | I78: 112 | J78: Nos
E79: CP-NEOSEAL_WP_509__BLACK_(24LTR_PAIL) | F79: NEOSEAL WP 509 -BLACK (24LTR PAIL) | G79: PU COATING | H79: 10 | I79: 215 | J79: Nos
E80: CP-NEOSULPHIDE_SEALANT_GG_PART_A+PART_B__(_2.5LTR/PACK_) | F80: NEOSULPHIDE SEALANT GG PART A+PART B ( 2.5LTR/PACK ) | G80: SEALANT | H80: 45 | I80: 46 | J80: Nos
E81: CP-NEOTEX_SP_LIGHT_GREY_(20KG/PAIL) | F81: NEOTEX SP-LIGHT GREY (20KG/PAIL) | G81: ACRYLIC COATING | H81: 2 | I81: 97 | J81: Nos
A82: MRG-LPO-00024, MRG-LPO-00025, MRG-LPO-00229, MRG-LPO-00483, MRG-LPO-00536, MRG-LPO-00574, MRG-LPO-00623, PUR-ORD-2026-00022 | B82: 33 | D82: SHERIDAN SPECIALIZED BUILDING PRODUCTS L.L.C | E82: CP-4MM_NEOFLEX_S4180_180GSM_(1M*10M_ROLL) | F82: 4MM NEOFLEX S4180 180GSM (1M*10M ROLL) | G82: MEMBRANE | H82: 322 | I82: 109 | J82: Nos
E83: CP-NEONATE_MDI_(250KG_DRUM) | F83: NEONATE MDI (250KG DRUM) | G83: PU FOAM | H83: 19 | I83: 2225 | J83: Nos
E84: CP-NEOPOL_SRS_45__(220KG_DRUM) | F84: NEOPOL SRS 45 (220KG DRUM) | G84: PU FOAM | H84: 19 | I84: 1958 | J84: Nos
E85: CP-NEOSEAL_FLEX_550___WHITE__(_PART_A_15KG+_PART_B_5KG) | F85: NEOSEAL FLEX 550 - WHITE ( PART A 15KG+ PART B 5KG) | G85: CEMENTITIOUS COATING | H85: 200 | I85: 49 | J85: Nos
E86: CP-NEOSEAL_WP_509__BLACK_(24LTR_PAIL) | F86: NEOSEAL WP 509 -BLACK (24LTR PAIL) | G86: PU COATING | H86: 270 | I86: 216 | J86: Nos
A87: MRG-LPO-00044, MRG-LPO-00062, MRG-LPO-00536, MRG-LPO-00624, PUR-ORD-2026-00022 | B87: 34 | D87: SHERIDAN SPECIALIZED BUILDING PRODUCTS L.L.C | E87: FILLER BOARD 10MM THICK WITH 7CM CUTTING PCS | F87: FILLER BOARD | G87: PROTECTION BOARD | H87: 30 | I87: 39 | J87: Nos
E88: CP-NEONATE_MDI_(250KG_DRUM) | F88: NEONATE MDI (250KG DRUM) | G88: PU FOAM | H88: 1 | I88: 2600 | J88: Nos
E89: CP-NEOPOL_SRS_45__(220KG_DRUM) | F89: NEOPOL SRS 45 (220KG DRUM) | G89: PU FOAM | H89: 1 | I89: 2288 | J89: Nos
A90: MRG-LPO-00062, MRG-LPO-00084-1, MRG-LPO-00568, MRG-LPO-00626 | B90: 35 | D90: SHERIDAN SPECIALIZED BUILDING PRODUCTS L.L.C | E90: CP-NEONATE_MDI_(250KG_DRUM) | F90: NEONATE MDI (250KG DRUM) | G90: PU FOAM | H90: 25 | I90: 2700 | J90: Nos
E91: CP-NEOPOL_SRS_45__(220KG_DRUM) | F91: NEOPOL SRS 45 (220KG DRUM) | G91: PU FOAM | H91: 25 | I91: 2376 | J91: Nos
A92: MRG-LPO-00208-1, MRG-LPO-00578, MRG-LPO-00596, PUR-ORD-2025-00017 | B92: 36 | D92: SHERIDAN SPECIALIZED BUILDING PRODUCTS L.L.C | E92: FILLER BOARD 10MM THICK WITH 7CM CUTTING PCS | F92: FILLER BOARD | G92: PROTECTION BOARD | H92: 150 | I92: 60 | J92: Nos
E93: CP-NEONATE_MDI_(250KG_DRUM) | F93: NEONATE MDI (250KG DRUM) | G93: PU FOAM | H93: 53 | I93: 3125 | J93: Nos
E94: CP-NEOPOL_SRS_45__(220KG_DRUM) | F94: NEOPOL SRS 45 (220KG DRUM) | G94: PU FOAM | H94: 53 | I94: 2750 | J94: Nos
E95: CP-NEOSEAL_WP_509__BLACK_(24LTR_PAIL) | F95: NEOSEAL WP 509 -BLACK (24LTR PAIL) | G95: PU COATING | H95: 160 | I95: 170 | J95: Nos
A96: MRG-LPO-00596, PUR-ORD-2026-00015 | B96: 37 | D96: SHERIDAN SPECIALIZED BUILDING PRODUCTS L.L.C | E96: CP-NEONATE_MDI_(250KG_DRUM) | F96: NEONATE MDI (250KG DRUM) | G96: PU FOAM | H96: 14 | I96: 2950 | J96: Nos
E97: CP-NEOPOL_SRS_45__(220KG_DRUM) | F97: NEOPOL SRS 45 (220KG DRUM) | G97: PU FOAM | H97: 19 | I97: 2596 | J97: Nos
A98: MRG-LPO-00596, PUR-ORD-2025-00009 | B98: 38 | D98: SHERIDAN SPECIALIZED BUILDING PRODUCTS L.L.C | E98: CP-NEONATE_MDI_(250KG_DRUM) | F98: NEONATE MDI (250KG DRUM) | G98: PU FOAM | H98: 14 | I98: 2050 | J98: Nos
A99: PUR-ORD-2025-00009 | B99: 39 | D99: SHERIDAN SPECIALIZED BUILDING PRODUCTS L.L.C | E99: CP-NEOPOL_SRS_45__(220KG_DRUM) | F99: NEOPOL SRS 45 (220KG DRUM) | G99: PU FOAM | H99: 14 | I99: 1804 | J99: Nos
A100: PUR-ORD-2025-00015-1 | B100: 40 | D100: SHINGAK PASSENGERS TRANSPORT BY RENTED BUSES LLC | E100: CP-HIRE_66_SEATER_BUS_WITH_DRIVER_WITH_FUEL | F100: HIRE 66 SEATER BUS WITH DRIVER WITH FUEL | G100: EQUIPMENT, TRANSPORT & MACHINERY | H100: 1 | I100: 8000 | J100: Months
...

Sheet Decoding Sheet
A1: PO References | B1: LPO No | C1: Supplier Name | D1: Item Name | E1: Qty | F1: Unit Price | G1: Unit
A2: MRG-LPO-00022 | B2: 1 | C2: AJMAN GAS LLC | D2: PROPANE HIGH PRESSURE REGULATOR WITH GUAGE | E2: 1 | F2: 200 | G2: Nos | I2: {=IFERROR(TOCOL(TEXTSPLIT(_xlfn.TEXTJOIN(CHAR(10),TRUE,'Main Sheet'!L2:L5000),,CHAR(10),TRUE),1),"")}
D3: WATERPRROFING GAS 22 KG | E3: 14 | F3: 110 | G3: CYLINDER
A4: MRG-LPO-00079 | B4: 2 | C4: AJMAN GAS LLC | D4: WATERPRROFING GAS 22 KG | E4: 272 | F4: 126 | G4: CYLINDER
A5: MRG-LPO-00610 | B5: 3 | C5: Al Gurg Fosroc LLC | D5: NITOCOTE CM210 GREY KIT | E5: 150 | F5: 66 | G5: KIT
A6: MRG-LPO-00133 | B6: 4 | C6: Al Nawras Printing Press Services | D6: STICKER 10 X 5 CM | E6: 60 | F6: 0.5 | G6: Nos | H6: {=IFERROR(TRIM(MID(SUBSTITUTE(SUBSTITUTE(SUBSTITUTE(INDEX('Main Sheet'!$L$2:$L$5000,INT((ROWS($H$2:H6)-1)/20)+1),"<br>",CHAR(10)),"<br />",CHAR(10)),CHAR(10),REPT(" ",1000)),MOD(ROWS($H$2:H6)-1,20)*1000+1,1000)),"")}
D7: STICKER 20 X 15 CM | E7: 20 | F7: 1.5 | G7: Nos | H7: {=IFERROR(TRIM(MID(SUBSTITUTE(SUBSTITUTE(INDEX('Main Sheet'!$L$2:$L$5000,INT((ROWS($H$2:H7)-1)/20)+1),"<br>",REPT(" ",1000)),CHAR(10),REPT(" ",1000)),MOD(ROWS($H$2:H7)-1,20)*1000+1,1000)),"")}
A8: MRG-LPO-00168 | B8: 5 | C8: AL YASIN EQUIPMENT RENTAL LLC | D8: POWER FLOAT | E8: 22 | F8: 60 | G8: Nos | H8: {=IFERROR(TRIM(MID(SUBSTITUTE(SUBSTITUTE(INDEX('Main Sheet'!$L$2:$L$5000,INT((ROWS($H$2:H8)-1)/20)+1),"<br>",REPT(" ",1000)),CHAR(10),REPT(" ",1000)),MOD(ROWS($H$2:H8)-1,20)*1000+1,1000)),"")}
A9: MRG-LPO-00413 | B9: 6 | C9: ANCHOR ALLIED FACTORY L.L.C | D9: ASMACO PUF 4040 (220KG) DRUM | E9: 24 | F9: 2530 | G9: Kg | H9: {=IFERROR(TRIM(MID(SUBSTITUTE(SUBSTITUTE(INDEX('Main Sheet'!$L$2:$L$5000,INT((ROWS($H$2:H9)-1)/20)+1),"<br>",REPT(" ",1000)),CHAR(10),REPT(" ",1000)),MOD(ROWS($H$2:H9)-1,20)*1000+1,1000)),"")}
D10: ASMACO PUF MDI (250KG) DRUM | E10: 24 | F10: 2875 | G10: Kg
A11: MRG-LPO-00132-1, MRG-LPO-00211, MRG-LPO-00232, MRG-LPO-00333, MRG-LPO-00351, MRG-LPO-00522, MRG-LPO-00577 | B11: 7 | C11: AWAZEL INTERNATIONAL CO LLC | D11: AWAZEL FABRIC 1M X 50M ROLL | E11: 50 | F11: 150 | G11: ROLL
D12: AWAZEL PU 111 ISOCYNATE (250KG) DRUM | E12: 18 | F12: 3250 | G12: Kg
D13: AWAZEL PU 4045 POLYOL (220KG) DRUM | E13: 28 | F13: 2860 | G13: Kg
D14: AWAZEL PU 4048 POLYOL (220KG) DRUM | E14: 4 | F14: 2640 | G14: Kg
D15: AWAZELBOND BS 1000 | E15: 228 | F15: 280 | G15: ROLL
D16: MS 60 6mm Protection Board (1x2m) | E16: 150 | F16: 38 | G16: SHEET
D17: PY40200L BSP 10 M MEMBRANE SBS MODIFIED 200G | E17: 161 | F17: 138 | G17: M2
D18: PY40L BSP 10 M MEMBRANE SBS MODIFIED POLYES 180G | E18: 69 | F18: 125 | G18: M2
A19: MRG-LPO-00211, MRG-LPO-00220, MRG-LPO-00351, MRG-LPO-00615 | B19: 8 | C19: AWAZEL INTERNATIONAL CO LLC | D19: AWAZEL PU 111 ISOCYNATE (250KG) DRUM | E19: 4 | F19: 3000 | G19: Kg
D20: AWAZEL PU 4045 POLYOL (220KG) DRUM | E20: 18 | F20: 2750 | G20: Kg
A21: MRG-LPO-00220, MRG-LPO-00231, MRG-LPO-00615, PUR-ORD-2026-00011 | B21: 9 | C21: AWAZEL INTERNATIONAL CO LLC | D21: AWAZEL PU 111 ISOCYNATE (250KG) DRUM | E21: 18 | F21: 3125 | G21: Kg
D22: MS 60 6mm Protection Board (1x2m) | E22: 750 | F22: 32 | G22: BD
A23: MRG-LPO-00231, PUR-ORD-2025-00005 | B23: 10 | C23: AWAZEL INTERNATIONAL CO LLC | D23: PY40200L BSP 10 M MEMBRANE SBS MODIFIED 200G | E23: 690 | F23: 117 | G23: M2
A24: MRG-LPO-00008 | B24: 11 | C24: CORROTECH CONSTRUCTION CHEMICALS L.L.C | D24: CORROBOARD 3.2 MM | E24: 6400 | F24: 17 | G24: SHEET
D25: CORROPRIME SB 200LTRS | E25: 30 | F25: 750 | G25: Litre
D26: CORROPRUFE SBS 4180 | E26: 3448 | F26: 96 | G26: ROLL
A27: MRG-LPO-00118, MRG-LPO-00314 | B27: 12 | C27: CORROTECH CONSTRUCTION CHEMICALS L.L.C | D27: CORROBOARD 3.2 MM | E27: 200 | F27: 18.9 | G27: SHEET
D28: CORROPRUFE SBS 4180 | E28: 506 | F28: 115 | G28: ROLL
A29: MRG-LPO-00554-2 | B29: 13 | C29: CORROTECH CONSTRUCTION CHEMICALS L.L.C | D29: CORROPRUFE SBS 4180 | E29: 1012 | F29: 112 | G29: ROLL
A30: MRG-LPO-00274-1, MRG-LPO-00602 | B30: 14 | C30: Duproof L.L.C | D30: DUMASTIC 20 KG | E30: 32 | F30: 115 | G30: PAIL
D31: DUPLAST P 270 4MM APP MEMBRANE 1M X 10 MTR ROLL | E31: 46 | F31: 148 | G31: ROLL
D32: DUPLAST P-MEMBRANE 4MM 1M X 10 MTR ROLL | E32: 112 | F32: 144 | G32: ROLL
D33: DUPRIME 200 LTR DRUM | E33: 3 | F33: 1300 | G33: DRUM
A34: MRG-LPO-00045-1 | B34: 15 | C34: GEOBIT INDUSTRIES L.L.C | D34: BETOFLEX 4P | E34: 460 | F34: 110 | G34: M2
D35: BETOFLEX PU-ISO BETOL 250 KG | E35: 20 | F35: 2150 | G35: Kg
D36: BETOFLEX PU-POLY BETOL 220 KG | E36: 20 | F36: 1892 | G36: Kg
A37: MRG-LPO-00197 | B37: 16 | C37: GREEN FUSION COMPUTER TRADING LLC | D37: PRINTER | E37: 1 | F37: 420 | G37: Months
A38: MRG-LPO-00197 | B38: 17 | C38: GREEN FUSION COMPUTER TRADING LLC | D38: PRINTER | E38: 1 | F38: 350 | G38: Months
A39: MRG-LPO-00056, MRG-LPO-00545 | B39: 18 | C39: GS ENTERPRISES FZ LLC | D39: NW 120 GSM PET -WHITE (3 MTR *100 MTR) | E39: 1 | F39: 305 | G39: M2
D40: NW 250 GSM PET -WHITE (3 MTR *100 MTR) | E40: 50 | F40: 745 | G40: M2
A41: MRG-LPO-00277, PUR-ORD-2026-00018 | B41: 19 | C41: GS ENTERPRISES FZ LLC | D41: NW 120 GSM PET -WHITE (3 MTR *100 MTR) | E41: 10 | F41: 335 | G41: M2
D42: NW 250 GSM PET -WHITE (3 MTR *100 MTR) | E42: 30 | F42: 560 | G42: M2
A43: MRG-LPO-00307-1 | B43: 20 | C43: GS ENTERPRISES FZ LLC | D43: NW 120 GSM PET -WHITE (3 MTR *100 MTR) | E43: 7 | F43: 335 | G43: M2
A44: MRG-LPO-00057 | B44: 21 | C44: HUNTSMAN UAE FZE | D44: HUNSTMAN 200 (250KG) DRUM | E44: =3000/250 -> 12 | F44: =250*10.5 -> 2625 | G44: Kg
D45: HUNSTMAN SP 45 (220KG) DRUM | E45: =2640/220 -> 12 | F45: =220*10.5 -> 2310 | G45: Kg
A46: MRG-LPO-00607 | B46: 22 | C46: IRSHAD KASHIM AND MOHAMMED AMEER STATIONERY LLC | D46: A4 Paper80 GSM (5 Ream/Box) (2500 Sheets) | E46: 8 | F46: 72 | G46: Box
D47: Box File -PVC (Green) | E47: 1 | F47: 235 | G47: CTN
D48: CLOTH SCISSOR | E48: 5 | F48: 7.5 | G48: Nos
D49: Divider 1-12 | E49: 3 | F49: 120 | G49: Box
D50: Divider 1-15 | E50: 4 | F50: 106.25 | G50: Box
D51: ERASER | E51: 10 | F51: 2 | G51: Nos
D52: FIS note book / diary A5 | E52: 5 | F52: 18 | G52: Nos
D53: Highlighter Assorted Color(5 Pcs/Pkt) | E53: 1 | F53: 18 | G53: PKT
D54: Metal Fastner (50pcs/pkt) | E54: 2 | F54: 6.5 | G54: Box
D55: PAPER A3 | E55: 3 | F55: 165 | G55: Box
D56: PAPER CLIP | E56: 1 | F56: 20 | G56: Nos
D57: PEN KRISH | E57: 2 | F57: 42 | G57: PKT
D58: PUNCH | E58: 3 | F58: 13 | G58: Nos
... D60: WHITE BOARD MARKER | E60: 1 | F60: 15 | G60: Nos
A61: MRG-LPO-00607 | B61: 23 | C61: IRSHAD KASHIM AND MOHAMMED AMEER STATIONERY LLC | D61: PAPER CLIP | E61: 1 | F61: 55 | G61: Nos
A62: MRG-LPO-00343, MRG-LPO-00454-1 | B62: 24 | C62: JANNAT AL FERDOS BUILDING MATERIALS TRADING LLC | D62: FIRE BLANKET | E62: 30 | F62: 6 | G62: Nos
D63: PAINT REFILL 9 | E63: 300 | F63: 2.75 | G63: Nos
A64: MRG-LPO-00454-1 | B64: 25 | C64: JANNAT AL FERDOS BUILDING MATERIALS TRADING LLC | D64: FIRE BLANKET | E64: 30 | F64: 16.5 | G64: Nos
A65: MRG-LPO-00052, MRG-LPO-00081 | B65: 26 | C65: JK CEMENT WORK ( FUJAIRAH ) FZC | D65: JK PROFIX -WPC 11 | E65: 100 | F65: 165 | G65: KIT
D66: JK PROFIX PU MDI-B (250KG/DRUM) | E66: 10 | F66: 2750 | G66: Kg
D67: JK PROFIX PU SPRAY 45-A (220KG/DRUM) | E67: 10 | F67: 2420 | G67: Kg
A68: PUR-ORD-2026-00019 | B68: 27 | C68: Kanz Chemical Ind LLC | D68: CRESCOAT RBE 10 (200L -CT) (200LTR/DRUM) | E68: 20 | F68: 350 | G68: Litre
A69: MRG-LPO-00281, MRG-LPO-00621 | B69: 28 | C69: MMT TRADING LLC | D69: BAKING ROD 20MM | E69: 20 | F69: 68 | G69: Nos
D70: CANVAS CLOTH (1 BUNDDLE X 19) | E70: 3 | F70: 400 | G70: M2
D71: MASKING TAPE 2'' | E71: 100 | F71: 38 | G71: Box
D72: POLYTHENE SHEET 100G | E72: 100 | F72: 6.5 | G72: ROLL
D73: SCRAPER 2'' | E73: 30 | F73: 1.4 | G73: Nos
D74: SCRAPER 3'' | E74: 30 | F74: 1.55 | G74: Nos
D75: WELDING APRON | E75: 35 | F75: 11.5 | G75: Nos
A76: MRG-LPO-00111-1, MRG-LPO-00450 | B76: 29 | C76: Petrozo Energy L.L.C | D76: RHEOSEAL 4S -200 GSM SL APP | E76: 1 | F76: 128 | G76: ROLL
D77: RHEOSEAL SBS 4S 200 -5 | E77: 23 | F77: 126 | G77: Nos
A78: MRG-LPO-00456 | B78: 30 | C78: Petrozo Energy L.L.C | D78: RHEOSEAL SBS 4S 200 -5 | E78: 92 | F78: 128 | G78: Nos
A79: MRG-LPO-00629 | B79: 31 | C79: Petrozo Energy L.L.C | D79: RHEOSEAL SBS 4S 200 -5 | E79: 115 | F79: 126 | G79: Nos
A80: MRG-LPO-00018 | B80: 32 | C80: Reva International General Trading LLC | D80: SIKA TOP 550 SEAL J (FORMERLY KNOWN AS MASTERSEAL 550J LIGHT GREY) (15KG+5KG) SET | E80: 150 | F80: 60 | G80: KIT
A81: PUR-ORD-2026-00013 | B81: 33 | C81: RUKN AL GHUWAIR TRADING | D81: MASON TROWEL 6'' | E81: 50 | F81: 6 | G81: Nos
D82: PAINT REFILL 9 | E82: 200 | F82: 2.75 | G82: Nos
D83: PAINT ROLLER 9" WITH REFILL | E83: 500 | F83: 5.25 | G83: Nos
D84: SAFETY GOGGLES BLACK | E84: 100 | F84: 2 | G84: Nos
A85: MRG-LPO-00006, MRG-LPO-00023, MRG-LPO-00024, MRG-LPO-00055, MRG-LPO-00080, MRG-LPO-00089, MRG-LPO-00208-1, MRG-LPO-00287, MRG-LPO-00483, MRG-LPO-00536, MRG-LPO-00596 | B85: 34 | C85: SHERIDAN SPECIALIZED BUILDING PRODUCTS L.L.C | D85: 4MM NEOFLEX S4180 180GSM | E85: 276 | F85: 110 | G85: M2
D86: BITUMEN IMPEREGNATED BOARD 10 MM -CUTTING | E86: 100 | F86: 32 | G86: SHEET
D87: GEOTEC -120GSM GEOTEXTILE (3 X 100)300 MÂ²/ ROLL | E87: 46 | F87: 414 | G87: M2
D88: NEOBOND SBR 250 | E88: 2 | F88: 128 | G88: PAIL
D89: NEONATE MDI (250KG) DRUM | E89: 6 | F89: 2025 | G89: Kg
D90: NEOPOL SRS 45 (220KG) DRUM | E90: 6 | F90: 1782 | G90: Kg
D91: NEOSEAL FLEX 550 - WHITE (PART A 15KG+ PART B 5KG) | E91: 1075 | F91: 47 | G91: KIT
D92: NEOSEAL FLEX 550 -LIGHT GREY (PART A 15KG+PART B 5KG) | E92: 450 | F92: 47 | G92: KIT
D93: NEOSEAL FLEX 588 -GREY (PART A 25KG+PART B 10KG) | E93: 100 | F93: 110 | G93: KIT
D94: NEOSEAL FLEX 588 -WHITE (PART A 26.25 KG+PART B 8.75 KG) | E94: 100 | F94: 112 | G94: KIT
D95: NEOSEAL WP 509 -BLACK 24 LTR | E95: 10 | F95: 215 | G95: KIT
D96: NEOSULPHIDE SEALANT-GUN GRADE 2.5LTR(PART 4 4KG+PART B 0.250KG) | E96: 45 | F96: 46 | G96: KIT
D97: NEOTEX SP-ELASTOMERIC ACRYLIC COATING (20KG/PAIL) LIGHT GREY | E97: 2 | F97: 97 | G97: PAIL
A98: MRG-LPO-00024, MRG-LPO-00025, MRG-LPO-00229, MRG-LPO-00483, MRG-LPO-00536, MRG-LPO-00574, MRG-LPO-00623, PUR-ORD-2026-00022 | B98: 35 | C98: SHERIDAN SPECIALIZED BUILDING PRODUCTS L.L.C | D98: 4MM NEOFLEX S4180 180GSM | E98: 322 | F98: 109 | G98: M2
D99: NEONATE MDI (250KG) DRUM | E99: 19 | F99: 2225 | G99: Kg
D100: NEOPOL SRS 45 (220KG) DRUM | E100: 19 | F100: 1958 | G100: Kg
D101: NEOSEAL FLEX 550 - WHITE (PART A 15KG+ PART B 5KG) | E101: 200 | F101: 49 | G101: KIT
...

Sheet Sheet5
A1: PO References | B1: Supplier Name | C1: Item Name | D1: Qty | F1: Unit Price | G1: Unit
A2: MRG-LPO-00079 | B2: AJMAN GAS LLC | C2: WATERPRROFING GAS 22 KG | D2: 272 | F2: 126 | G2: CYLINDER
A3: MRG-LPO-00022 | B3: AJMAN GAS LLC | C3: WATERPRROFING GAS 22 KG | D3: 14 | F3: 110 | G3: CYLINDER
A4: MRG-LPO-00022 | B4: AJMAN GAS LLC | C4: PROPANE HIGH PRESSURE REGULATOR WITH GUAGE | D4: 1 | F4: 200 | G4: Nos
A5: MRG-LPO-00610 | B5: Al Gurg Fosroc LLC | C5: NITOCOTE CM210 GREY KIT | D5: 150 | F5: 66 | G5: KIT
A6: MRG-LPO-00133 | B6: Al Nawras Printing Press Services | C6: STICKER 20 X 15 CM | D6: 20 | F6: 1.5 | G6: Nos
A7: MRG-LPO-00133 | B7: Al Nawras Printing Press Services | C7: STICKER 10 X 5 CM | D7: 60 | F7: 0.5 | G7: Nos
A8: MRG-LPO-00168 | B8: AL YASIN EQUIPMENT RENTAL LLC | C8: POWER FLOAT | D8: 22 | F8: 60 | G8: Nos
A9: MRG-LPO-00413 | B9: ANCHOR ALLIED FACTORY L.L.C | C9: ASMACO PUF 4040 (220KG) DRUM | D9: 24 | F9: 2530 | G9: Kg
A10: MRG-LPO-00413 | B10: ANCHOR ALLIED FACTORY L.L.C | C10: ASMACO PUF MDI (250KG) DRUM | D10: 24 | F10: 2875 | G10: Kg
A11: MRG-LPO-00220 | B11: AWAZEL INTERNATIONAL CO LLC | C11: AWAZEL PU 4045 POLYOL (220KG) DRUM | D11: 18 | F11: 2750 | G11: Kg
A12: MRG-LPO-00132-1 | B12: AWAZEL INTERNATIONAL CO LLC | C12: AWAZEL PU 4045 POLYOL (220KG) DRUM | D12: 16 | F12: 2860 | G12: Kg
A13: MRG-LPO-00231 | B13: AWAZEL INTERNATIONAL CO LLC | C13: AWAZEL PU 4045 POLYOL (220KG) DRUM | D13: 12 | F13: 2860 | G13: Kg
... A28: MRG-LPO-00333 | B28: AWAZEL INTERNATIONAL CO LLC | C28: AWAZELBOND BS 1000 | D28: 228 | F28: 280 | G28: ROLL
A29: MRG-LPO-00522 | B29: AWAZEL INTERNATIONAL CO LLC | C29: PY40L BSP 10 M MEMBRANE SBS MODIFIED POLYES 180G | D29: 69 | F29: 125 | G29: M2
A30: MRG-LPO-00577 | B30: AWAZEL INTERNATIONAL CO LLC | C30: AWAZEL FABRIC 1M X 50M ROLL | D30: 50 | F30: 150 | G30: ROLL
A31: MRG-LPO-00008 | B31: CORROTECH CONSTRUCTION CHEMICALS L.L.C | C31: CORROPRUFE SBS 4180 | D31: 3448 | F31: 96 | G31: ROLL
A32: MRG-LPO-00554-2 | B32: CORROTECH CONSTRUCTION CHEMICALS L.L.C | C32: CORROPRUFE SBS 4180 | D32: 1012 | F32: 112 | G32: ROLL
A33: MRG-LPO-00314 | B33: CORROTECH CONSTRUCTION CHEMICALS L.L.C | C33: CORROPRUFE SBS 4180 | D33: 506 | F33: 115 | G33: ROLL
A34: MRG-LPO-00008 | B34: CORROTECH CONSTRUCTION CHEMICALS L.L.C | C34: CORROBOARD 3.2 MM | D34: 6400 | F34: 17 | G34: SHEET
A35: MRG-LPO-00118 | B35: CORROTECH CONSTRUCTION CHEMICALS L.L.C | C35: CORROBOARD 3.2 MM | D35: 200 | F35: 18.9 | G35: SHEET
A36: MRG-LPO-00008 | B36: CORROTECH CONSTRUCTION CHEMICALS L.L.C | C36: CORROPRIME SB 200LTRS | D36: 30 | F36: 750 | G36: Litre
A37: MRG-LPO-00274-1 | B37: Duproof L.L.C | C37: DUPRIME 200 LTR DRUM | D37: 3 | F37: 1300 | G37: DRUM
A38: MRG-LPO-00602 | B38: Duproof L.L.C | C38: DUPLAST P 270 4MM APP MEMBRANE 1M X 10 MTR ROLL | D38: 46 | F38: 148 | G38: ROLL
A39: MRG-LPO-00602 | B39: Duproof L.L.C | C39: DUMASTIC 20 KG | D39: 30 | F39: 115 | G39: PAIL
A40: MRG-LPO-00274-1 | B40: Duproof L.L.C | C40: DUMASTIC 20 KG | D40: 2 | F40: 115 | G40: PAIL
... A101: MRG-LPO-00006 | B101: SHERIDAN SPECIALIZED BUILDING PRODUCTS L.L.C | C101: NEONATE MDI (250KG) DRUM | D101: 6 | F101: 2025 | G101: Kg
A102: MRG-LPO-00084-1 | B102: SHERIDAN SPECIALIZED BUILDING PRODUCTS L.L.C | C102: NEONATE MDI (250KG) DRUM | D102: 25 | F102: 2700 | G102: Kg
A103: PUR-ORD-2025-00009 | B103: SHERIDAN SPECIALIZED BUILDING PRODUCTS L.L.C | C103: NEONATE MDI (250KG) DRUM | D103: 14 | F103: 2050 | G103: Kg
A104: MRG-LPO-00596 | B104: SHERIDAN SPECIALIZED BUILDING PRODUCTS L.L.C | C104: NEONATE MDI (250KG) DRUM | D104: 14 | F104: 2950 | G104: Kg
A105: MRG-LPO-00025 | B105: SHERIDAN SPECIALIZED BUILDING PRODUCTS L.L.C | C105: NEONATE MDI (250KG) DRUM | D105: 19 | F105: 2225 | G105: Kg
A106: MRG-LPO-00263 | B106: SHERIDAN SPECIALIZED BUILDING PRODUCTS L.L.C | C106: NEONATE MDI (250KG) DRUM | D106: 40 | F106: 3125 | G106: Kg
A107: MRG-LPO-00044 | B107: SHERIDAN SPECIALIZED BUILDING PRODUCTS L.L.C | C107: NEONATE MDI (250KG) DRUM | D107: 1 | F107: 2600 | G107: Kg
A108: MRG-LPO-00208-1 | B108: SHERIDAN SPECIALIZED BUILDING PRODUCTS L.L.C | C108: NEONATE MDI (250KG) DRUM | D108: 13 | F108: 3125 | G108: Kg
A109: MRG-LPO-00006 | B109: SHERIDAN SPECIALIZED BUILDING PRODUCTS L.L.C | C109: NEOPOL SRS 45 (220KG) DRUM | D109: 6 | F109: 1782 | G109: Kg
A110: MRG-LPO-00084-1 | B110: SHERIDAN SPECIALIZED BUILDING PRODUCTS L.L.C | C110: NEOPOL SRS 45 (220KG) DRUM | D110: 25 | F110: 2376 | G110: Kg
A111: PUR-ORD-2025-00009 | B111: SHERIDAN SPECIALIZED BUILDING PRODUCTS L.L.C | C111: NEOPOL SRS 45 (220KG) DRUM | D111: 14 | F111: 1804 | G111: Kg
A112: MRG-LPO-00596 | B112: SHERIDAN SPECIALIZED BUILDING PRODUCTS L.L.C | C112: NEOPOL SRS 45 (220KG) DRUM | D112: 14 | F112: 2596 | G112: Kg
A113: MRG-LPO-00596 | B113: SHERIDAN SPECIALIZED BUILDING PRODUCTS L.L.C | C113: NEOPOL SRS 45 (220KG) DRUM | D113: 5 | F113: 2596 | G113: Kg
... A147: MRG-LPO-00016 | B147: SIKA UAE LLC | C147: SIKA SHIELD P26 MG SA 4MM ROLL 1MX10M | D147: 1777 | F147: 115 | G147: M2
A148: MRG-LPO-00334 | B148: SIKA UAE LLC | C148: SIKA SHIELD P26 MG SA 4MM ROLL 1MX10M | D148: 253 | F148: 125 | G148: M2
A149: MRG-LPO-00276 | B149: SIKA UAE LLC | C149: SIKA SHIELD P26 MG SA 4MM ROLL 1MX10M | D149: 575 | F149: 125 | G149: M2
A150: MRG-LPO-00241 | B150: SIKA UAE LLC | C150: SIKA SHIELD P26 MG SA 4MM ROLL 1MX10M | D150: 45 | F150: 125 | G150: M2
A151: MRG-LPO-00066-1 | B151: SIKA UAE LLC | C151: SIKALASTIC -152 AE PART A+B SYSTEM CON.33KG | D151: 64 | F151: 115 | G151: KIT
A152: MRG-LPO-00066-1 | B152: SIKA UAE LLC | C152: SIKAFLEX-428 PRECAST CONCRETE GREY | D152: 50 | F152: 288 | G152: PCS
A153: PUR-ORD-2025-00006 | B153: SIKA UAE LLC | C153: SIKABIT P -12 AE BITUMENIOUS PRIMER (180KG) DRUM | D153: 8 | F153: 850 | G153: Kg
A154: MRG-LPO-00241 | B154: SIKA UAE LLC | C154: SIKABIT P -12 AE BITUMENIOUS PRIMER (180KG) DRUM | D154: 2 | F154: 900 | G154: Kg
A155: MRG-LPO-00515 | B155: SIKA UAE LLC | C155: SIKALASTIC 311 (AE) | D155: 5 | F155: 238 | G155: Set
A156: MRG-LPO-00582 | B156: SIKA UAE LLC | C156: Sikashield E65 PE SA 4mm | D156: 184 | F156: 128 | G156: M2
A157: MRG-LPO-00483 | B157: SHERIDAN SPECIALIZED BUILDING PRODUCTS L.L.C | C157: NEOSEAL FLEX 588 -GREY (PART A 25KG+PART B 10KG) | D157: 50 | F157: 110 | G157: KIT
A158: MRG-LPO-00153 | B158: SODAMCO S.A.L-Abu Dhabi | C158: WEBERDRY 136 FX GREY KIT (22.5KG) | D158: 120 | F158: 85 | G158: KIT
A159: MRG-LPO-00153 | B159: SODAMCO S.A.L-Abu Dhabi | C159: WEBERSEAL PS 1000 GG/PG 4 Ltr / PACK | D159: 100 | F159: 100 | G159: KIT
... A176: MRG-LPO-00611 | B176: SOPREMA FOR MANUFACTURING MATERIALS-SOLE PROPRIETORSHIP LLC | C176: SOPRABOARD SF 6MM (1M*2M ) | D176: 150 | F176: 30 | G176: Nos

Sheet Main Sheet
A1: PO References | B1: Supplier Name | C1: Old Name | D1: Presence check | E1: Validate | F1: Item Code | G1: Item Name | H1: Test Qty | I1: Qty | J1: Difference | K1: Unit Fetch | L1: Item Details | M1: Project/Warehouse
A2: MRG-LPO-00022, MRG-LPO-00079 | B2: AJMAN GAS LLC | C2: WATERPRROFING GAS 22 KG | D2: WATERPRROFING GAS 22 KG | E2: Match | F2: CP-WATERPRROFING_GAS_(22KG) | G2: WATERPRROFING GAS (22KG) | H2: 286 | I2: 286 | J2: 0 | K2: Nos | L2: {=IFERROR( _xlfn.TEXTJOIN(CHAR(10),TRUE, _xlfn._xlws.FILTER( "Name: "&'Master Data'!$J$2:$J$10000& " Price: "&'Master Data'!$L$2:$L$10000& " Qty: "&('Master Data'!$K$2:$K$10000-'Master Data'!$Q$2:$Q$10000)& " Unit: "&'Master Data'!$N$2:$N$10000& " Supplier Reference: "&'Master Data'!$B$2:$B$10000& " PO Reference: "&'Master Data'!$A$2:$A$10000, ('Master Data'!$J$2:$J$10000=D2)* (('Master Data'!$K$2:$K$10000-'Master Data'!$Q$2:$Q$10000)<>0) ) ), "Not Found")} -> Name: WATERPRROFING GAS 22 KG Price: 110 Qty: 14 Unit: CYLINDER Supplier Reference: AJMAN GAS LLC PO Reference: MRG-LPO-00022 Name: WATERPRROFING GAS 22 KG Price: 126 Qty: 272 Unit: CYLINDER Supplier Reference: AJMAN GAS LLC PO Reference: MRG-LPO-00079 | M2: Stores - MRG
B3: AJMAN GAS LLC | C3: PROPANE HIGH PRESSURE REGULATOR WITH GUAGE | D3: PROPANE HIGH PRESSURE REGULATOR WITH GUAGE | E3: Match | F3: PROPANE HIGH PRESSURE REGULATOR WITH GUAGE | G3: PROPANE HIGH PRESSURE REGULATOR WITH GUAGE | H3: 1 | I3: 1 | J3: 0 | K3: Nos | L3: {=IFERROR( _xlfn.TEXTJOIN(CHAR(10),TRUE, _xlfn._xlws.FILTER( "Name: "&'Master Data'!$J$2:$J$10000& " Price: "&'Master Data'!$L$2:$L$10000& " Qty: "&('Master Data'!$K$2:$K$10000-'Master Data'!$Q$2:$Q$10000)& " Unit: "&'Master Data'!$N$2:$N$10000& " Supplier Reference: "&'Master Data'!$B$2:$B$10000& " PO Reference: "&'Master Data'!$A$2:$A$10000, ('Master Data'!$J$2:$J$10000=D3)* (('Master Data'!$K$2:$K$10000-'Master Data'!$Q$2:$Q$10000)<>0) ) ), "Not Found")} -> Name: PROPANE HIGH PRESSURE REGULATOR WITH GUAGE Price: 200 Qty: 1 Unit: Nos Supplier Reference: MR MD For Project Management Services EST PO Reference: PUR-ORD-2026-00049 | M3: Stores - MRG
A4: MRG-LPO-00610 | B4: Al Gurg Fosroc LLC | C4: NITOCOTE CM210 GREY KIT | D4: NITOCOTE CM210 GREY KIT | E4: Match | F4: CP-NITOCOTE_CM210_GREY_(_PART_A_15KG+_PART_B_5KG) | G4: NITOCOTE CM210 GREY ( PART A 15KG+ PART B 5KG) | H4: 150 | I4: 150 | J4: 0 | K4: Nos | L4: {=IFERROR( _xlfn.TEXTJOIN(CHAR(10),TRUE, _xlfn._xlws.FILTER( "Name: "&'Master Data'!$J$2:$J$10000& " Price: "&'Master Data'!$L$2:$L$10000& " Qty: "&('Master Data'!$K$2:$K$10000-'Master Data'!$Q$2:$Q$10000)& " Unit: "&'Master Data'!$N$2:$N$10000& " Supplier Reference: "&'Master Data'!$B$2:$B$10000& " PO Reference: "&'Master Data'!$A$2:$A$10000, ('Master Data'!$J$2:$J$10000=D4)* (('Master Data'!$K$2:$K$10000-'Master Data'!$Q$2:$Q$10000)<>0) ) ), "Not Found")} -> Name: NITOCOTE CM210 GREY KIT Price: 66 Qty: 150 Unit: KIT Supplier Reference: Al Gurg Fosroc LLC PO Reference: MRG-LPO-00610 | M4: Stores - MRG
A5: MRG-LPO-00133 | B5: Al Nawras Printing Press Services | C5: STICKER 20 X 15 CM | D5: STICKER 20 X 15 CM | E5: Match | F5: STICKER 20 X 15 CM | G5: STICKER 20 X 15 CM | H5: 20 | I5: 20 | J5: 0 | K5: Nos | L5: {=IFERROR( _xlfn.TEXTJOIN(CHAR(10),TRUE, _xlfn._xlws.FILTER( "Name: "&'Master Data'!$J$2:$J$10000& " Price: "&'Master Data'!$L$2:$L$10000& " Qty: "&('Master Data'!$K$2:$K$10000-'Master Data'!$Q$2:$Q$10000)& " Unit: "&'Master Data'!$N$2:$N$10000& " Supplier Reference: "&'Master Data'!$B$2:$B$10000& " PO Reference: "&'Master Data'!$A$2:$A$10000, ('Master Data'!$J$2:$J$10000=D5)* (('Master Data'!$K$2:$K$10000-'Master Data'!$Q$2:$Q$10000)<>0) ) ), "Not Found")} -> Name: STICKER 20 X 15 CM Price: 1.5 Qty: 20 Unit: Nos Supplier Reference: MR MD For Project Management Services EST PO Reference: PUR-ORD-2026-00049 | M5: Stores - MRG
B6: Al Nawras Printing Press Services | C6: STICKER 10 X 5 CM | D6: STICKER 10 X 5 CM | E6: Match | F6: CP-STICKER_10_X_5_CM | G6: STICKER 10 X 5 CM | H6: 60 | I6: 60 | J6: 0 | K6: Nos | L6: {=IFERROR( _xlfn.TEXTJOIN(CHAR(10),TRUE, _xlfn._xlws.FILTER( "Name: "&'Master Data'!$J$2:$J$10000& " Price: "&'Master Data'!$L$2:$L$10000& " Qty: "&('Master Data'!$K$2:$K$10000-'Master Data'!$Q$2:$Q$10000)& " Unit: "&'Master Data'!$N$2:$N$10000& " Supplier Reference: "&'Master Data'!$B$2:$B$10000& " PO Reference: "&'Master Data'!$A$2:$A$10000, ('Master Data'!$J$2:$J$10000=D6)* (('Master Data'!$K$2:$K$10000-'Master Data'!$Q$2:$Q$10000)<>0) ) ), "Not Found")} -> Name: STICKER 10 X 5 CM Price: 0.5 Qty: 60 Unit: Nos Supplier Reference: MR MD For Project Management Services EST PO Reference: PUR-ORD-2026-00049 | M6: Stores - MRG
A7: MRG-LPO-00168 | B7: AL YASIN EQUIPMENT RENTAL LLC | C7: POWER FLOAT | D7: POWER FLOAT | E7: Match | F7: HIRE OF POWER FLOAT | G7: HIRE OF POWER FLOAT | H7: 22 | I7: 22 | J7: 0 | K7: Day | L7: {=IFERROR( _xlfn.TEXTJOIN(CHAR(10),TRUE, _xlfn._xlws.FILTER( "Name: "&'Master Data'!$J$2:$J$10000& " Price: "&'Master Data'!$L$2:$L$10000& " Qty: "&('Master Data'!$K$2:$K$10000-'Master Data'!$Q$2:$Q$10000)& " Unit: "&'Master Data'!$N$2:$N$10000& " Supplier Reference: "&'Master Data'!$B$2:$B$10000& " PO Reference: "&'Master Data'!$A$2:$A$10000, ('Master Data'!$J$2:$J$10000=D7)* (('Master Data'!$K$2:$K$10000-'Master Data'!$Q$2:$Q$10000)<>0) ) ), "Not Found")} -> Name: POWER FLOAT Price: 60 Qty: 22 Unit: Nos Supplier Reference: MR MD For Project Management Services EST PO Reference: PUR-ORD-2026-00049 | M7: Stores - MRG
A8: MRG-LPO-00413 | B8: ANCHOR ALLIED FACTORY L.L.C | C8: ASMACO PUF 4040 (220KG) DRUM | D8: ASMACO PUF 4040 (220KG) DRUM | E8: Match | F8: CP-ASMACO_PUF_4040_(220KG_DRUM) | G8: ASMACO PUF 4040 (220KG DRUM) | H8: 24 | I8: 24 | J8: 0 | K8: Nos | L8: {=IFERROR( _xlfn.TEXTJOIN(CHAR(10),TRUE, _xlfn._xlws.FILTER( "Name: "&'Master Data'!$J$2:$J$10000& " Price: "&'Master Data'!$L$2:$L$10000& " Qty: "&('Master Data'!$K$2:$K$10000-'Master Data'!$Q$2:$Q$10000)& " Unit: "&'Master Data'!$N$2:$N$10000& " Supplier Reference: "&'Master Data'!$B$2:$B$10000& " PO Reference: "&'Master Data'!$A$2:$A$10000, ('Master Data'!$J$2:$J$10000=D8)* (('Master Data'!$K$2:$K$10000-'Master Data'!$Q$2:$Q$10000)<>0) ) ), "Not Found")} -> Name: ASMACO PUF 4040 (220KG) DRUM Price: 2530 Qty: 24 Unit: Kg Supplier Reference: ANCHOR ALLIED FACTORY L.L.C PO Reference: MRG-LPO-00413 | M8: Stores - MRG
B9: ANCHOR ALLIED FACTORY L.L.C | C9: ASMACO PUF MDI (250KG) DRUM | D9: ASMACO PUF MDI (250KG) DRUM | E9: Match | F9: CP-ASMACO_PUF_MDI_(250KG_DRUM) | G9: ASMACO PUF MDI (250KG DRUM) | H9: 24 | I9: 24 | J9: 0 | K9: Nos | L9: {=IFERROR( _xlfn.TEXTJOIN(CHAR(10),TRUE, _xlfn._xlws.FILTER( "Name: "&'Master Data'!$J$2:$J$10000& " Price: "&'Master Data'!$L$2:$L$10000& " Qty: "&('Master Data'!$K$2:$K$10000-'Master Data'!$Q$2:$Q$10000)& " Unit: "&'Master Data'!$N$2:$N$10000& " Supplier Reference: "&'Master Data'!$B$2:$B$10000& " PO Reference: "&'Master Data'!$A$2:$A$10000, ('Master Data'!$J$2:$J$10000=D9)* (('Master Data'!$K$2:$K$10000-'Master Data'!$Q$2:$Q$10000)<>0) ) ), "Not Found")} -> Name: ASMACO PUF MDI (250KG) DRUM Price: 2875 Qty: 24 Unit: Kg Supplier Reference: MR MD For Project Management Services EST PO Reference: PUR-ORD-2026-00049 | M9: Stores - MRG
A10: MRG-LPO-00132-1, MRG-LPO-00211, MRG-LPO-00220, MRG-LPO-00231, MRG-LPO-00232, MRG-LPO-00333, MRG-LPO-00351, MRG-LPO-00522, MRG-LPO-00577, MRG-LPO-00600, MRG-LPO-00615, PUR-ORD-2026-00011 | B10: AWAZEL INTERNATIONAL CO LLC | C10: AWAZEL PU 4045 POLYOL (220KG) DRUM | D10: AWAZEL PU 4045 POLYOL (220KG) DRUM | E10: Match | F10: CP-AWAZEL_PU_4045_POLYOL_(220KG_DRUM) | G10: AWAZEL PU 4045 POLYOL (220KG DRUM) | H10: 46 | I10: 46 | J10: 0 | K10: Nos | L10: {=IFERROR( _xlfn.TEXTJOIN(CHAR(10),TRUE, _xlfn._xlws.FILTER( "Name: "&'Master Data'!$J$2:$J$10000& " Price: "&'Master Data'!$L$2:$L$10000& " Qty: "&('Master Data'!$K$2:$K$10000-'Master Data'!$Q$2:$Q$10000)& " Unit: "&'Master Data'!$N$2:$N$10000& " Supplier Reference: "&'Master Data'!$B$2:$B$10000& " PO Reference: "&'Master Data'!$A$2:$A$10000, ('Master Data'!$J$2:$J$10000=D10)* (('Master Data'!$K$2:$K$10000-'Master Data'!$Q$2:$Q$10000)<>0) ) ), "Not Found")} -> Name: AWAZEL PU 4045 POLYOL (220KG) DRUM Price: 2750 Qty: 18 Unit: Kg Supplier Reference: AWAZEL INTERNATIONAL CO LLC PO Reference: MRG-LPO-00220 Name: AWAZEL PU 4045 POLYOL (220KG) DRUM Price: 2860 Qty: 16 Unit: Kg Supplier Reference: AWAZEL INTERNATIONAL CO LLC PO Reference: MRG-LPO-00132-1 Name: AWAZEL PU 4045 POLYOL (220KG) DRUM Price: 2860 Qty: 12 Unit: Kg Supplier Reference: AWAZEL INTERNATIONAL CO LLC PO Reference: MRG-LPO-00231 | M10: Stores - MRG
B11: AWAZEL INTERNATIONAL CO LLC | C11: AWAZEL PU 111 ISOCYNATE (250KG) DRUM | D11: AWAZEL PU 111 ISOCYNATE (250KG) DRUM | E11: Match | F11: CP-AWAZEL_PU_111_ISOCYNATE_(250KG_DRUM) | G11: AWAZEL PU 111 ISOCYNATE (250KG DRUM) | H11: 50 | I11: 50 | J11: 0 | K11: Nos | L11: {=IFERROR( _xlfn.TEXTJOIN(CHAR(10),TRUE, _xlfn._xlws.FILTER( "Name: "&'Master Data'!$J$2:$J$10000& " Price: "&'Master Data'!$L$2:$L$10000& " Qty: "&('Master Data'!$K$2:$K$10000-'Master Data'!$Q$2:$Q$10000)& " Unit: "&'Master Data'!$N$2:$N$10000& " Supplier Reference: "&'Master Data'!$B$2:$B$10000& " PO Reference: "&'Master Data'!$A$2:$A$10000, ('Master Data'!$J$2:$J$10000=D11)* (('Master Data'!$K$2:$K$10000-'Master Data'!$Q$2:$Q$10000)<>0) ) ), "Not Found")} -> Name: AWAZEL PU 111 ISOCYNATE (250KG) DRUM Price: 3125 Qty: 18 Unit: Kg Supplier Reference: MR MD For Project Management Services EST PO Reference: PUR-ORD-2026-00049 Name: AWAZEL PU 111 ISOCYNATE (250KG) DRUM Price: 3250 Qty: 16 Unit: Kg Supplier Reference: MR MD For Project Management Services EST PO Reference: PUR-ORD-2026-00049 Name: AWAZEL PU 111 ISOCYNATE (250KG) DRUM Price: 3250 Qty: 12 Unit: Kg Supplier Reference: MR MD For Project Management Services EST PO Reference: PUR-ORD-2026-00049 Name: AWAZEL PU 111 ISOCYNATE (250KG) DRUM Price: 3000 Qty: 4 Unit: Kg Supplier Reference: MR MD For Project Management Services EST PO Reference: PUR-ORD-2026-00049 | M11: Stores - MRG
B12: AWAZEL INTERNATIONAL CO LLC | C12: AWAZEL PU 4048 POLYOL (220KG) DRUM | D12: AWAZEL PU 4048 POLYOL (220KG) DRUM | E12: Match | F12: CP-AWAZEL_PU_4048_POLYOL_(220KG_DRUM) | G12: AWAZEL PU 4048 POLYOL (220KG DRUM) | H12: 4 | I12: 4 | J12: 0 | K12: Nos | L12: {=IFERROR( _xlfn.TEXTJOIN(CHAR(10),TRUE, _xlfn._xlws.FILTER( "Name: "&'Master Data'!$J$2:$J$10000& " Price: "&'Master Data'!$L$2:$L$10000& " Qty: "&('Master Data'!$K$2:$K$10000-'Master Data'!$Q$2:$Q$10000)& " Unit: "&'Master Data'!$N$2:$N$10000& " Supplier Reference: "&'Master Data'!$B$2:$B$10000& " PO Reference: "&'Master Data'!$A$2:$A$10000, ('Master Data'!$J$2:$J$10000=D12)* (('Master Data'!$K$2:$K$10000-'Master Data'!$Q$2:$Q$10000)<>0) ) ), "Not Found")} -> Name: AWAZEL PU 4048 POLYOL (220KG) DRUM Price: 2640 Qty: 4 Unit: Kg Supplier Reference: AWAZEL INTERNATIONAL CO LLC PO Reference: MRG-LPO-00211 | M12: Stores - MRG
B13: AWAZEL INTERNATIONAL CO LLC | C13: PY40200L BSP 10 M MEMBRANE SBS MODIFIED 200G | D13: PY40200L BSP 10 M MEMBRANE SBS MODIFIED 200G | E13: Match | F13: CP-PY40200L_BSP_10_M_MEMBRANE_SBS_MODIFIED_200G___(1M*10M_ROLL) | G13: PY40200L BSP 10 M MEMBRANE SBS MODIFIED 200G (1M*10M ROLL) | H13: 851 | I13: 345 | J13: -506 | K13: Nos | L13: {=IFERROR( _xlfn.TEXTJOIN(CHAR(10),TRUE, _xlfn._xlws.FILTER( "Name: "&'Master Data'!$J$2:$J$10000& " Price: "&'Master Data'!$L$2:$L$10000& " Qty: "&('Master Data'!$K$2:$K$10000-'Master Data'!$Q$2:$Q$10000)& " Unit: "&'Master Data'!$N$2:$N$10000& " Supplier Reference: "&'Master Data'!$B$2:$B$10000& " PO Reference: "&'Master Data'!$A$2:$A$10000, ('Master Data'!$J$2:$J$10000=D13)* (('Master Data'!$K$2:$K$10000-'Master Data'!$Q$2:$Q$10000)<>0) ) ), "Not Found")} -> Name: PY40200L BSP 10 M MEMBRANE SBS MODIFIED 200G Price: 117 Qty: 276 Unit: M2 Supplier Reference: AWAZEL INTERNATIONAL CO LLC PO Reference: PUR-ORD-2025-00005 Name: PY40200L BSP 10 M MEMBRANE SBS MODIFIED 200G Price: 117 Qty: 230 Unit: M2 Supplier Reference: AWAZEL INTERNATIONAL CO LLC PO Reference: PUR-ORD-2025-00008 Name: PY40200L BSP 10 M MEMBRANE SBS MODIFIED 200G Price: 117 Qty: 184 Unit: M2 Supplier Reference: AWAZEL INTERNATIONAL CO LLC PO Reference: PUR-ORD-2026-00011 Name: PY40200L BSP 10 M MEMBRANE SBS MODIFIED 200G Price: 138 Qty: 115 Unit: M2 Supplier Reference: AWAZEL INTERNATIONAL CO LLC PO Reference: MRG-LPO-00351 Name: PY40200L BSP 10 M MEMBRANE SBS MODIFIED 200G Price: 138 Qty: 30 Unit: M2 Supplier Reference: AWAZEL INTERNATIONAL CO LLC PO Reference: MRG-LPO-00615 Name: PY40200L BSP 10 M MEMBRANE SBS MODIFIED 200G Price: 138 Qty: 16 Unit: M2 Supplier Reference: MR MD For Project Management Services EST PO Reference: PUR-ORD-2026-00049 | M13: Stores - MRG
B14: AWAZEL INTERNATIONAL CO LLC | C14: MS 60 6mm Protection Board (1x2m) | D14: MS 60 6mm Protection Board (1x2m) | E14: Match | F14: CP-MS_60_6MM_PROTECTION_BOARD_(1M*2M_) | G14: MS 60 6MM PROTECTION BOARD (1M*2M ) | H14: 900 | I14: 900 | J14: 0 | K14: Nos | L14: {=IFERROR( _xlfn.TEXTJOIN(CHAR(10),TRUE, _xlfn._xlws.FILTER( "Name: "&'Master Data'!$J$2:$J$10000& " Price: "&'Master Data'!$L$2:$L$10000& " Qty: "&('Master Data'!$K$2:$K$10000-'Master Data'!$Q$2:$Q$10000)& " Unit: "&'Master Data'!$N$2:$N$10000& " Supplier Reference: "&'Master Data'!$B$2:$B$10000& " PO Reference: "&'Master Data'!$A$2:$A$10000, ('Master Data'!$J$2:$J$10000=D14)* (('Master Data'!$K$2:$K$10000-'Master Data'!$Q$2:$Q$10000)<>0) ) ), "Not Found")} -> Name: MS 60 6mm Protection Board (1x2m) Price: 38 Qty: 50 Unit: BD Supplier Reference: MR MD For Project Management Services EST PO Reference: PUR-ORD-2026-00049 Name: MS 60 6mm Protection Board (1x2m) Price: 32 Qty: 750 Unit: BD Supplier Reference: MR MD For Project Management Services EST PO Reference: PUR-ORD-2026-00049 Name: MS 60 6mm Protection Board (1x2m) Price: 38 Qty: 100 Unit: SHEET Supplier Reference: MR MD For Project Management Services EST PO Reference: PUR-ORD-2026-00049 | M14: Stores - MRG
B15: AWAZEL INTERNATIONAL CO LLC | C15: AWAZELBOND BS 1000 | D15: AWAZELBOND BS 1000 | E15: Match | F15: CP-AWAZELBOND_BS_1000_(1M*10M_ROLL) | G15: AWAZELBOND BS 1000 (1M*10M ROLL) | H15: 228 | I15: 228 | J15: 0 | K15: Nos | L15: {=IFERROR( _xlfn.TEXTJOIN(CHAR(10),TRUE, _xlfn._xlws.FILTER( "Name: "&'Master Data'!$J$2:$J$10000& " Price: "&'Master Data'!$L$2:$L$10000& " Qty: "&('Master Data'!$K$2:$K$10000-'Master Data'!$Q$2:$Q$10000)& " Unit: "&'Master Data'!$N$2:$N$10000& " Supplier Reference: "&'Master Data'!$B$2:$B$10000& " PO Reference: "&'Master Data'!$A$2:$A$10000, ('Master Data'!$J$2:$J$10000=D15)* (('Master Data'!$K$2:$K$10000-'Master Data'!$Q$2:$Q$10000)<>0) ) ), "Not Found")} -> Name: AWAZELBOND BS 1000 Price: 280 Qty: 228 Unit: ROLL Supplier Reference: AWAZEL INTERNATIONAL CO LLC PO Reference: MRG-LPO-00333 | M15: Stores - MRG
B16: AWAZEL INTERNATIONAL CO LLC | C16: PY40L BSP 10 M MEMBRANE SBS MODIFIED POLYES 180G | D16: PY40L BSP 10 M MEMBRANE SBS MODIFIED POLYES 180G | E16: Match | F16: CP-PY40L_BSP_10_M_MEMBRANE_SBS_MODIFIED_POLYES_180G___(1M*10M_ROLL) | G16: PY40L BSP 10 M MEMBRANE SBS MODIFIED POLYES 180G (1M*10M ROLL) | H16: 69 | I16: 69 | J16: 0 | K16: Nos | L16: {=IFERROR( _xlfn.TEXTJOIN(CHAR(10),TRUE, _xlfn._xlws.FILTER( "Name: "&'Master Data'!$J$2:$J$10000& " Price: "&'Master Data'!$L$2:$L$10000& " Qty: "&('Master Data'!$K$2:$K$10000-'Master Data'!$Q$2:$Q$10000)& " Unit: "&'Master Data'!$N$2:$N$10000& " Supplier Reference: "&'Master Data'!$B$2:$B$10000& " PO Reference: "&'Master Data'!$A$2:$A$10000, ('Master Data'!$J$2:$J$10000=D16)* (('Master Data'!$K$2:$K$10000-'Master Data'!$Q$2:$Q$10000)<>0) ) ), "Not Found")} -> Name: PY40L BSP 10 M MEMBRANE SBS MODIFIED POLYES 180G Price: 125 Qty: 69 Unit: M2 Supplier Reference: AWAZEL INTERNATIONAL CO LLC PO Reference: MRG-LPO-00522 | M16: Stores - MRG
B17: AWAZEL INTERNATIONAL CO LLC | C17: AWAZEL FABRIC 1M X 50M ROLL | D17: AWAZEL FABRIC 1M X 50M ROLL | E17: Match | F17: CP-AWAZEL_FABRIC_(1M*50M) | G17: AWAZEL FABRIC (1M*50M) | H17: 50 | I17: 50 | J17: 0 | K17: Nos | L17: {=IFERROR( _xlfn.TEXTJOIN(CHAR(10),TRUE, _xlfn._xlws.FILTER( "Name: "&'Master Data'!$J$2:$J$10000& " Price: "&'Master Data'!$L$2:$L$10000& " Qty: "&('Master Data'!$K$2:$K$10000-'Master Data'!$Q$2:$Q$10000)& " Unit: "&'Master Data'!$N$2:$N$10000& " Supplier Reference: "&'Master Data'!$B$2:$B$10000& " PO Reference: "&'Master Data'!$A$2:$A$10000, ('Master Data'!$J$2:$J$10000=D17)* (('Master Data'!$K$2:$K$10000-'Master Data'!$Q$2:$Q$10000)<>0) ) ), "Not Found")} -> Name: AWAZEL FABRIC 1M X 50M ROLL Price: 150 Qty: 50 Unit: ROLL Supplier Reference: AWAZEL INTERNATIONAL CO LLC PO Reference: MRG-LPO-00577 | M17: Stores - MRG
A18: MRG-LPO-00008, MRG-LPO-00118, MRG-LPO-00314, MRG-LPO-00554-2 | B18: CORROTECH CONSTRUCTION CHEMICALS L.L.C | C18: CORROPRUFE SBS 4180 | D18: CORROPRUFE SBS 4180 | E18: Match | F18: CP-CORROPRUFE_SBS_4180__(1M*10M_ROLL) | G18: CORROPRUFE SBS 4180 (1M*10M ROLL) | H18: 4966 | I18: 496.6 | J18: -4469.4 | K18: Nos | L18: {=IFERROR( _xlfn.TEXTJOIN(CHAR(10),TRUE, _xlfn._xlws.FILTER( "Name: "&'Master Data'!$J$2:$J$10000& " Price: "&'Master Data'!$L$2:$L$10000& " Qty: "&('Master Data'!$K$2:$K$10000-'Master Data'!$Q$2:$Q$10000)& " Unit: "&'Master Data'!$N$2:$N$10000& " Supplier Reference: "&'Master Data'!$B$2:$B$10000& " PO Reference: "&'Master Data'!$A$2:$A$10000, ('Master Data'!$J$2:$J$10000=D18)* (('Master Data'!$K$2:$K$10000-'Master Data'!$Q$2:$Q$10000)<>0) ) ), "Not Found")} -> Name: CORROPRUFE SBS 4180 Price: 96 Qty: 3448 Unit: ROLL Supplier Reference: CORROTECH CONSTRUCTION CHEMICALS L.L.C PO Reference: MRG-LPO-00008 Name: CORROPRUFE SBS 4180 Price: 115 Qty: 506 Unit: ROLL Supplier Reference: CORROTECH CONSTRUCTION CHEMICALS L.L.C PO Reference: MRG-LPO-00314 Name: CORROPRUFE SBS 4180 Price: 112 Qty: 1012 Unit: ROLL Supplier Reference: CORROTECH CONSTRUCTION CHEMICALS L.L.C PO Reference: MRG-LPO-00554-2 | M18: Stores - MRG
B19: CORROTECH CONSTRUCTION CHEMICALS L.L.C | C19: CORROBOARD 3.2 MM | D19: CORROBOARD 3.2 MM | E19: Match | F19: CP-CORROBOARD_3.2_MM__(1M*2M_) | G19: CORROBOARD 3.2 MM (1M*2M ) | H19: 6600 | I19: 6600 | J19: 0 | K19: Nos | L19: {=IFERROR( _xlfn.TEXTJOIN(CHAR(10),TRUE, _xlfn._xlws.FILTER( "Name: "&'Master Data'!$J$2:$J$10000& " Price: "&'Master Data'!$L$2:$L$10000& " Qty: "&('Master Data'!$K$2:$K$10000-'Master Data'!$Q$2:$Q$10000)& " Unit: "&'Master Data'!$N$2:$N$10000& " Supplier Reference: "&'Master Data'!$B$2:$B$10000& " PO Reference: "&'Master Data'!$A$2:$A$10000, ('Master Data'!$J$2:$J$10000=D19)* (('Master Data'!$K$2:$K$10000-'Master Data'!$Q$2:$Q$10000)<>0) ) ), "Not Found")} -> Name: CORROBOARD 3.2 MM Price: 18.9 Qty: 200 Unit: SHEET Supplier Reference: CORROTECH CONSTRUCTION CHEMICALS L.L.C PO Reference: MRG-LPO-00118 Name: CORROBOARD 3.2 MM Price: 17 Qty: 6400 Unit: SHEET Supplier Reference: MR MD For Project Management Services EST PO Reference: PUR-ORD-2026-00049 | M19: Stores - MRG | N19: D
B20: CORROTECH CONSTRUCTION CHEMICALS L.L.C | C20: CORROPRIME SB 200LTRS | D20: CORROPRIME SB 200LTRS | E20: Match | F20: CP-CORROPRIME_SB(200LTR_/DRUM) | G20: CORROPRIME SB(200LTR /DRUM) | H20: 30 | I20: 30 | J20: 0 | K20: Nos | L20: {=IFERROR( _xlfn.TEXTJOIN(CHAR(10),TRUE, _xlfn._xlws.FILTER( "Name: "&'Master Data'!$J$2:$J$10000& " Price: "&'Master Data'!$L$2:$L$10000& " Qty: "&('Master Data'!$K$2:$K$10000-'Master Data'!$Q$2:$Q$10000)& " Unit: "&'Master Data'!$N$2:$N$10000& " Supplier Reference: "&'Master Data'!$B$2:$B$10000& " PO Reference: "&'Master Data'!$A$2:$A$10000, ('Master Data'!$J$2:$J$10000=D20)* (('Master Data'!$K$2:$K$10000-'Master Data'!$Q$2:$Q$10000)<>0) ) ), "Not Found")} -> Name: CORROPRIME SB 200LTRS Price: 750 Qty: 30 Unit: Litre Supplier Reference: MR MD For Project Management Services EST PO Reference: PUR-ORD-2026-00049 | M20: Stores - MRG
A21: MRG-LPO-00274-1, MRG-LPO-00602 | B21: Duproof L.L.C | C21: DUPRIME 200 LTR DRUM | D21: DUPRIME 200 LTR DRUM | E21: Match | F21: CP-DUPRIME_(200LTR_/DRUM) | G21: DUPRIME (200LTR /DRUM) | H21: 3 | I21: 3 | J21: 0 | K21: Nos | L21: {=IFERROR( _xlfn.TEXTJOIN(CHAR(10),TRUE, _xlfn._xlws.FILTER( "Name: "&'Master Data'!$J$2:$J$10000& " Price: "&'Master Data'!$L$2:$L$10000& " Qty: "&('Master Data'!$K$2:$K$10000-'Master Data'!$Q$2:$Q$10000)& " Unit: "&'Master Data'!$N$2:$N$10000& " Supplier Reference: "&'Master Data'!$B$2:$B$10000& " PO Reference: "&'Master Data'!$A$2:$A$10000, ('Master Data'!$J$2:$J$10000=D21)* (('Master Data'!$K$2:$K$10000-'Master Data'!$Q$2:$Q$10000)<>0) ) ), "Not Found")} -> Name: DUPRIME 200 LTR DRUM Price: 1300 Qty: 3 Unit: DRUM Supplier Reference: Duproof L.L.C PO Reference: MRG-LPO-00274-1 | M21: Stores - MRG
B22: Duproof L.L.C | C22: DUPLAST P 270 4MM APP MEMBRANE 1M X 10 MTR ROLL | D22: DUPLAST P 270 4MM APP MEMBRANE 1M X 10 MTR ROLL | E22: Match | F22: CP-DUPLAST_P_270_4MM_APP_MEMBRANE_(1M*10M_ROLL) | G22: DUPLAST P 270 4MM APP MEMBRANE (1M*10M ROLL) | H22: 46 | I22: 46 | J22: 0 | K22: Nos | L22: {=IFERROR( _xlfn.TEXTJOIN(CHAR(10),TRUE, _xlfn._xlws.FILTER( "Name: "&'Master Data'!$J$2:$J$10000& " Price: "&'Master Data'!$L$2:$L$10000& " Qty: "&('Master Data'!$K$2:$K$10000-'Master Data'!$Q$2:$Q$10000)& " Unit: "&'Master Data'!$N$2:$N$10000& " Supplier Reference: "&'Master Data'!$B$2:$B$10000& " PO Reference: "&'Master Data'!$A$2:$A$10000, ('Master Data'!$J$2:$J$10000=D22)* (('Master Data'!$K$2:$K$10000-'Master Data'!$Q$2:$Q$10000)<>0) ) ), "Not Found")} -> Name: DUPLAST P 270 4MM APP MEMBRANE 1M X 10 MTR ROLL Price: 148 Qty: 46 Unit: ROLL Supplier Reference: Duproof L.L.C PO Reference: MRG-LPO-00602 | M22: Stores - MRG
B23: Duproof L.L.C | C23: DUMASTIC 20 KG | D23: DUMASTIC 20 KG | E23: Match | F23: CP-DUMASTIC_(20KG_PAIL) | G23: DUMASTIC (20KG PAIL) | H23: 32 | I23: 32 | J23: 0 | K23: Nos | L23: {=IFERROR( _xlfn.TEXTJOIN(CHAR(10),TRUE, _xlfn._xlws.FILTER( "Name: "&'Master Data'!$J$2:$J$10000& " Price: "&'Master Data'!$L$2:$L$10000& " Qty: "&('Master Data'!$K$2:$K$10000-'Master Data'!$Q$2:$Q$10000)& " Unit: "&'Master Data'!$N$2:$N$10000& " Supplier Reference: "&'Master Data'!$B$2:$B$10000& " PO Reference: "&'Master Data'!$A$2:$A$10000, ('Master Data'!$J$2:$J$10000=D23)* (('Master Data'!$K$2:$K$10000-'Master Data'!$Q$2:$Q$10000)<>0) ) ), "Not Found")} -> Name: DUMASTIC 20 KG Price: 115 Qty: 30 Unit: PAIL Supplier Reference: MR MD For Project Management Services EST PO Reference: PUR-ORD-2026-00049 Name: DUMASTIC 20 KG Price: 115 Qty: 2 Unit: PAIL Supplier Reference: MR MD For Project Management Services EST PO Reference: PUR-ORD-2026-00049 | M23: Stores - MRG
B24: Duproof L.L.C | C24: DUPLAST P-MEMBRANE 4MM 1M X 10 MTR ROLL | D24: DUPLAST P-MEMBRANE 4MM 1M X 10 MTR ROLL | E24: Match | F24: CP-DUPLAST_P_MEMBRANE_4MM___(1M*10M_ROLL) | G24: DUPLAST P-MEMBRANE 4MM (1M*10M ROLL) | H24: 112 | I24: 112 | J24: 0 | K24: Nos | L24: {=IFERROR( _xlfn.TEXTJOIN(CHAR(10),TRUE, _xlfn._xlws.FILTER( "Name: "&'Master Data'!$J$2:$J$10000& " Price: "&'Master Data'!$L$2:$L$10000& " Qty: "&('Master Data'!$K$2:$K$10000-'Master Data'!$Q$2:$Q$10000)& " Unit: "&'Master Data'!$N$2:$N$10000& " Supplier Reference: "&'Master Data'!$B$2:$B$10000& " PO Reference: "&'Master Data'!$A$2:$A$10000, ('Master Data'!$J$2:$J$10000=D24)* (('Master Data'!$K$2:$K$10000-'Master Data'!$Q$2:$Q$10000)<>0) ) ), "Not Found")} -> Name: DUPLAST P-MEMBRANE 4MM 1M X 10 MTR ROLL Price: 144 Qty: 112 Unit: ROLL Supplier Reference: MR MD For Project Management Services EST PO Reference: PUR-ORD-2026-00049 | M24: Stores - MRG
A25: MRG-LPO-00045-1 | B25: GEOBIT INDUSTRIES L.L.C | C25: BETOFLEX PU-POLY BETOL 220 KG | D25: BETOFLEX PU-POLY BETOL 220 KG | E25: Match | F25: CP-BETOFLEX_PU_PPLY_BETOL_220KG_DRUM) | G25: BETOFLEX PU-PPLY BETOL 220KG DRUM) | H25: 20 | I25: 20 | J25: 0 | K25: Nos | L25: {=IFERROR( _xlfn.TEXTJOIN(CHAR(10),TRUE, _xlfn._xlws.FILTER( "Name: "&'Master Data'!$J$2:$J$10000& " Price: "&'Master Data'!$L$2:$L$10000& " Qty: "&('Master Data'!$K$2:$K$10000-'Master Data'!$Q$2:$Q$10000)& " Unit: "&'Master Data'!$N$2:$N$10000& " Supplier Reference: "&'Master Data'!$B$2:$B$10000& " PO Reference: "&'Master Data'!$A$2:$A$10000, ('Master Data'!$J$2:$J$10000=D25)* (('Master Data'!$K$2:$K$10000-'Master Data'!$Q$2:$Q$10000)<>0) ) ), "Not Found")} -> Name: BETOFLEX PU-POLY BETOL 220 KG Price: 1892 Qty: 20 Unit: Kg Supplier Reference: MR MD For Project Management Services EST PO Reference: PUR-ORD-2026-00049 | M25: Stores - MRG
B26: GEOBIT INDUSTRIES L.L.C | C26: BETOFLEX PU-ISO BETOL 250 KG | D26: BETOFLEX PU-ISO BETOL 250 KG | E26: Match | F26: CP-BETOFLEX_PU_ISO_BETOL_(250KG_DRUM) | G26: BETOFLEX PU-ISO BETOL (250KG DRUM) | H26: 20 | I26: 20 | J26: 0 | K26: Nos | L26: {=IFERROR( _xlfn.TEXTJOIN(CHAR(10),TRUE, _xlfn._xlws.FILTER( "Name: "&'Master Data'!$J$2:$J$10000& " Price: "&'Master Data'!$L$2:$L$10000& " Qty: "&('Master Data'!$K$2:$K$10000-'Master Data'!$Q$2:$Q$10000)& " Unit: "&'Master Data'!$N$2:$N$10000& " Supplier Reference: "&'Master Data'!$B$2:$B$10000& " PO Reference: "&'Master Data'!$A$2:$A$10000, ('Master Data'!$J$2:$J$10000=D26)* (('Master Data'!$K$2:$K$10000-'Master Data'!$Q$2:$Q$10000)<>0) ) ), "Not Found")} -> Name: BETOFLEX PU-ISO BETOL 250 KG Price: 2150 Qty: 20 Unit: Kg Supplier Reference: MR MD For Project Management Services EST PO Reference: PUR-ORD-2026-00049 | M26: Stores - MRG
B27: GEOBIT INDUSTRIES L.L.C | C27: BETOFLEX 4P | D27: BETOFLEX 4P | E27: Match | F27: CP-BETOFLEX_4P_(1*10_MTR_ROLL) | G27: BETOFLEX 4P (1*10 MTR ROLL) | H27: 460 | I27: 460 | J27: 0 | K27: Nos | L27: {=IFERROR( _xlfn.TEXTJOIN(CHAR(10),TRUE, _xlfn._xlws.FILTER( "Name: "&'Master Data'!$J$2:$J$10000& " Price: "&'Master Data'!$L$2:$L$10000& " Qty: "&('Master Data'!$K$2:$K$10000-'Master Data'!$Q$2:$Q$10000)& " Unit: "&'Master Data'!$N$2:$N$10000& " Supplier Reference: "&'Master Data'!$B$2:$B$10000& " PO Reference: "&'Master Data'!$A$2:$A$10000, ('Master Data'!$J$2:$J$10000=D27)* (('Master Data'!$K$2:$K$10000-'Master Data'!$Q$2:$Q$10000)<>0) ) ), "Not Found")} -> Name: BETOFLEX 4P Price: 110 Qty: 460 Unit: M2 Supplier Reference: MR MD For Project Management Services EST PO Reference: PUR-ORD-2026-00049 | M27: Stores - MRG
A28: MRG-LPO-00197 | B28: GREEN FUSION COMPUTER TRADING LLC | C28: PRINTER | D28: PRINTER | E28: Match | F28: CP-LEASE_CHARGES_FOR_PRINTER_(MONTHLY) | G28: LEASE CHARGES FOR PRINTER (MONTHLY) | H28: 2 | I28: 2 | J28: 0 | K28: Nos | L28: {=IFERROR( _xlfn.TEXTJOIN(CHAR(10),TRUE, _xlfn._xlws.FILTER( "Name: "&'Master Data'!$J$2:$J$10000& " Price: "&'Master Data'!$L$2:$L$10000& " Qty: "&('Master Data'!$K$2:$K$10000-'Master Data'!$Q$2:$Q$10000)& " Unit: "&'Master Data'!$N$2:$N$10000& " Supplier Reference: "&'Master Data'!$B$2:$B$10000& " PO Reference: "&'Master Data'!$A$2:$A$10000, ('Master Data'!$J$2:$J$10000=D28)* (('Master Data'!$K$2:$K$10000-'Master Data'!$Q$2:$Q$10000)<>0) ) ), "Not Found")} -> Name: PRINTER Price: 420 Qty: 1 Unit: Months Supplier Reference: GREEN FUSION COMPUTER TRADING LLC PO Reference: MRG-LPO-00197 Name: PRINTER Price: 350 Qty: 1 Unit: Months Supplier Reference: MR MD For Project Management Services EST PO Reference: PUR-ORD-2026-00049 | M28: Stores - MRG
A29: MRG-LPO-00056, MRG-LPO-00277, MRG-LPO-00307-1, MRG-LPO-00545, MRG-LPO-00588, PUR-ORD-2026-00018 | B29: GS ENTERPRISES FZ LLC | C29: NW 120 GSM PET -WHITE (3 MTR *100 MTR) | D29: NW 120 GSM PET -WHITE (3 MTR *100 MTR) | E29: Match | F29: CP-NW_120_GSM_PET__WHITE_(3_M_*100_M) | G29: NW 120 GSM PET -WHITE (3 M *100 M) | H29: 18 | I29: 18 | J29: 0 | K29: Nos | L29: {=IFERROR( _xlfn.TEXTJOIN(CHAR(10),TRUE, _xlfn._xlws.FILTER( "Name: "&'Master Data'!$J$2:$J$10000& " Price: "&'Master Data'!$L$2:$L$10000& " Qty: "&('Master Data'!$K$2:$K$10000-'Master Data'!$Q$2:$Q$10000)& " Unit: "&'Master Data'!$N$2:$N$10000& " Supplier Reference: "&'Master Data'!$B$2:$B$10000& " PO Reference: "&'Master Data'!$A$2:$A$10000, ('Master Data'!$J$2:$J$10000=D29)* (('Master Data'!$K$2:$K$10000-'Master Data'!$Q$2:$Q$10000)<>0) ) ), "Not Found")} -> Name: NW 120 GSM PET -WHITE (3 MTR *100 MTR) Price: 305 Qty: 1 Unit: M2 Supplier Reference: GS ENTERPRISES FZ LLC PO Reference: MRG-LPO-00056 Name: NW 120 GSM PET -WHITE (3 MTR *100 MTR) Price: 335 Qty: 10 Unit: M2 Supplier Reference: GS ENTERPRISES FZ LLC PO Reference: MRG-LPO-00277 Name: NW 120 GSM PET -WHITE (3 MTR *100 MTR) Price: 335 Qty: 7 Unit: M2 Supplier Reference: GS ENTERPRISES FZ LLC PO Reference: MRG-LPO-00307-1 | M29: Stores - MRG
B30: GS ENTERPRISES FZ LLC | C30: NW 250 GSM PET -WHITE (3 MTR *100 MTR) | D30: NW 250 GSM PET -WHITE (3 MTR *100 MTR) | E30: Match | F30: CP-NW_250_GSM_PET__WHITE_(3_M_*100_M) | G30: NW 250 GSM PET -WHITE (3 M *100 M) | H30: 80 | I30: 80 | J30: 0 | K30: Nos | L30: {=IFERROR( _xlfn.TEXTJOIN(CHAR(10),TRUE, _xlfn._xlws.FILTER( "Name: "&'Master Data'!$J$2:$J$10000& " Price: "&'Master Data'!$L$2:$L$10000& " Qty: "&('Master Data'!$K$2:$K$10000-'Master Data'!$Q$2:$Q$10000)& " Unit: "&'Master Data'!$N$2:$N$10000& " Supplier Reference: "&'Master Data'!$B$2:$B$10000& " PO Reference: "&'Master Data'!$A$2:$A$10000, ('Master Data'!$J$2:$J$10000=D30)* (('Master Data'!$K$2:$K$10000-'Master Data'!$Q$2:$Q$10000)<>0) ) ), "Not Found")} -> Name: NW 250 GSM PET -WHITE (3 MTR *100 MTR) Price: 745 Qty: 50 Unit: M2 Supplier Reference: MR MD For Project Management Services EST PO Reference: PUR-ORD-2026-00049 Name: NW 250 GSM PET -WHITE (3 MTR *100 MTR) Price: 560 Qty: 30 Unit: M2 Supplier Reference: MR MD For Project Management Services EST PO Reference: PUR-ORD-2026-00049 | M30: Stores - MRG
A31: MRG-LPO-00017, MRG-LPO-00057 | B31: HUNTSMAN UAE FZE | C31: HUNSTMAN SP 45 (220KG) DRUM | D31: HUNSTMAN SP 45 (220KG) DRUM | E31: Match | F31: CP-HUNTSMAN_SP_45_(220KG_DRUM) | G31: HUNTSMAN SP 45 (220KG DRUM) | H31: 2640 | I31: 12 | J31: -2628 | K31: Nos | L31: {=IFERROR( _xlfn.TEXTJOIN(CHAR(10),TRUE, _xlfn._xlws.FILTER( "Name: "&'Master Data'!$J$2:$J$10000& " Price: "&'Master Data'!$L$2:$L$10000& " Qty: "&('Master Data'!$K$2:$K$10000-'Master Data'!$Q$2:$Q$10000)& " Unit: "&'Master Data'!$N$2:$N$10000& " Supplier Reference: "&'Master Data'!$B$2:$B$10000& " PO Reference: "&'Master Data'!$A$2:$A$10000, ('Master Data'!$J$2:$J$10000=D31)* (('Master Data'!$K$2:$K$10000-'Master Data'!$Q$2:$Q$10000)<>0) ) ), "Not Found")} -> Name: HUNSTMAN SP 45 (220KG) DRUM Price: 10.5 Qty: 2640 Unit: Kg Supplier Reference: HUNTSMAN UAE FZE PO Reference: MRG-LPO-00057 | M31: Stores - MRG
B32: HUNTSMAN UAE FZE | C32: HUNSTMAN 200 (250KG) DRUM | D32: HUNSTMAN 200 (250KG) DRUM | E32: Match | F32: CP-HUNTSMAN_200_(250KG_DRUM) | G32: HUNTSMAN 200 (250KG DRUM) | H32: 3000 | I32: 12 | J32: -2988 | K32: Nos | L32: {=IFERROR( _xlfn.TEXTJOIN(CHAR(10),TRUE, _xlfn._xlws.FILTER( "Name: "&'Master Data'!$J$2:$J$10000& " Price: "&'Master Data'!$L$2:$L$10000& " Qty: "&('Master Data'!$K$2:$K$10000-'Master Data'!$Q$2:$Q$10000)& " Unit: "&'Master Data'!$N$2:$N$10000& " Supplier Reference: "&'Master Data'!$B$2:$B$10000& " PO Reference: "&'Master Data'!$A$2:$A$10000, ('Master Data'!$J$2:$J$10000=D32)* (('Master Data'!$K$2:$K$10000-'Master Data'!$Q$2:$Q$10000)<>0) ) ), "Not Found")} -> Name: HUNSTMAN 200 (250KG) DRUM Price: 10.5 Qty: 3000 Unit: Kg Supplier Reference: MR MD For Project Management Services EST PO Reference: PUR-ORD-2026-00049 | M32: Stores - MRG
A33: MRG-LPO-00607 | B33: IRSHAD KASHIM AND MOHAMMED AMEER STATIONERY LLC | C33: Box File -PVC (Green) | D33: Box File -PVC (Green) | E33: Match | F33: CP-BOX_FILE__PVC_(GREEN) | G33: BOX FILE -PVC (GREEN) | H33: 1 | I33: 1 | J33: 0 | K33: CTN | L33: {=IFERROR( _xlfn.TEXTJOIN(CHAR(10),TRUE, _xlfn._xlws.FILTER( "Name: "&'Master Data'!$J$2:$J$10000& " Price: "&'Master Data'!$L$2:$L$10000& " Qty: "&('Master Data'!$K$2:$K$10000-'Master Data'!$Q$2:$Q$10000)& " Unit: "&'Master Data'!$N$2:$N$10000& " Supplier Reference: "&'Master Data'!$B$2:$B$10000& " PO Reference: "&'Master Data'!$A$2:$A$10000, ('Master Data'!$J$2:$J$10000=D33)* (('Master Data'!$K$2:$K$10000-'Master Data'!$Q$2:$Q$10000)<>0) ) ), "Not Found")} -> Name: Box File -PVC (Green) Price: 235 Qty: 1 Unit: CTN Supplier Reference: IRSHAD KASHIM AND MOHAMMED AMEER STATIONERY LLC PO Reference: MRG-LPO-00607 | M33: Stores - MRG
B34: IRSHAD KASHIM AND MOHAMMED AMEER STATIONERY LLC | C34: WHITE BOARD MARKER | D34: WHITE BOARD MARKER | E34: Match | F34: CP-WHITE_BOARD__MARKER | G34: WHITE BOARD MARKER | H34: 1 | I34: 1 | J34: 0 | K34: Nos | L34: {=IFERROR( _xlfn.TEXTJOIN(CHAR(10),TRUE, _xlfn._xlws.FILTER( "Name: "&'Master Data'!$J$2:$J$10000& " Price: "&'Master Data'!$L$2:$L$10000& " Qty: "&('Master Data'!$K$2:$K$10000-'Master Data'!$Q$2:$Q$10000)& " Unit: "&'Master Data'!$N$2:$N$10000& " Supplier Reference: "&'Master Data'!$B$2:$B$10000& " PO Reference: "&'Master Data'!$A$2:$A$10000, ('Master Data'!$J$2:$J$10000=D34)* (('Master Data'!$K$2:$K$10000-'Master Data'!$Q$2:$Q$10000)<>0) ) ), "Not Found")} -> Name: WHITE BOARD MARKER Price: 15 Qty: 1 Unit: Nos Supplier Reference: MR MD For Project Management Services EST PO Reference: PUR-ORD-2026-00049 | M34: Stores - MRG
B35: IRSHAD KASHIM AND MOHAMMED AMEER STATIONERY LLC | C35: Highlighter Assorted Color(5 Pcs/Pkt) | D35: Highlighter Assorted Color(5 Pcs/Pkt) | E35: Match | F35: Highlighter Assorted Color(5 Pcs/Pkt) | G35: Highlighter Assorted Color(5 Pcs/Pkt) | H35: 1 | I35: 1 | J35: 0 | K35: PKT | L35: {=IFERROR( _xlfn.TEXTJOIN(CHAR(10),TRUE, _xlfn._xlws.FILTER( "Name: "&'Master Data'!$J$2:$J$10000& " Price: "&'Master Data'!$L$2:$L$10000& " Qty: "&('Master Data'!$K$2:$K$10000-'Master Data'!$Q$2:$Q$10000)& " Unit: "&'Master Data'!$N$2:$N$10000& " Supplier Reference: "&'Master Data'!$B$2:$B$10000& " PO Reference: "&'Master Data'!$A$2:$A$10000, ('Master Data'!$J$2:$J$10000=D35)* (('Master Data'!$K$2:$K$10000-'Master Data'!$Q$2:$Q$10000)<>0) ) ), "Not Found")} -> Name: Highlighter Assorted Color(5 Pcs/Pkt) Price: 18 Qty: 1 Unit: PKT Supplier Reference: MR MD For Project Management Services EST PO Reference: PUR-ORD-2026-00049 | M35: Stores - MRG
B36: IRSHAD KASHIM AND MOHAMMED AMEER STATIONERY LLC | C36: Stapler | D36: STAPLER | E36: Match | F36: STAPLER PIN 20 PKT / BOX | G36: STAPLER PIN 20 PKT / BOX | H36: 2 | I36: 2 | J36: 0 | K36: Box | L36: {=IFERROR( _xlfn.TEXTJOIN(CHAR(10),TRUE, _xlfn._xlws.FILTER( "Name: "&'Master Data'!$J$2:$J$10000& " Price: "&'Master Data'!$L$2:$L$10000& " Qty: "&('Master Data'!$K$2:$K$10000-'Master Data'!$Q$2:$Q$10000)& " Unit: "&'Master Data'!$N$2:$N$10000& " Supplier Reference: "&'Master Data'!$B$2:$B$10000& " PO Reference: "&'Master Data'!$A$2:$A$10000, ('Master Data'!$J$2:$J$10000=D36)* (('Master Data'!$K$2:$K$10000-'Master Data'!$Q$2:$Q$10000)<>0) ) ), "Not Found")} -> Name: STAPLER Price: 12 Qty: 2 Unit: Nos Supplier Reference: MR MD For Project Management Services EST PO Reference: PUR-ORD-2026-00049 | M36: Stores - MRG
B37: IRSHAD KASHIM AND MOHAMMED AMEER STATIONERY LLC | C37: PEN KRISH | D37: PEN KRISH | E37: Match | F37: CP-KRISH_BALL_PEN_RED_(50PCS/PKT) | G37: KRISH BALL PEN RED (50PCS/PKT) | H37: 2 | I37: 2 | J37: 0 | K37: Nos | L37: {=IFERROR( _xlfn.TEXTJOIN(CHAR(10),TRUE, _xlfn._xlws.FILTER( "Name: "&'Master Data'!$J$2:$J$10000& " Price: "&'Master Data'!$L$2:$L$10000& " Qty: "&('Master Data'!$K$2:$K$10000-'Master Data'!$Q$2:$Q$10000)& " Unit: "&'Master Data'!$N$2:$N$10000& " Supplier Reference: "&'Master Data'!$B$2:$B$10000& " PO Reference: "&'Master Data'!$A$2:$A$10000, ('Master Data'!$J$2:$J$10000=D37)* (('Master Data'!$K$2:$K$10000-'Master Data'!$Q$2:$Q$10000)<>0) ) ), "Not Found")} -> Name: PEN KRISH Price: 42 Qty: 2 Unit: PKT Supplier Reference: MR MD For Project Management Services EST PO Reference: PUR-ORD-2026-00049 | M37: Stores - MRG
B38: IRSHAD KASHIM AND MOHAMMED AMEER STATIONERY LLC | C38: PAPER CLIP | D38: PAPER CLIP | E38: Match | F38: CP-PAPER_CLIP_233_(10_PKT/BOX) | G38: PAPER CLIP 233 (10 PKT/BOX) | H38: 2 | I38: 2 | J38: 0 | K38: Nos | L38: {=IFERROR( _xlfn.TEXTJOIN(CHAR(10),TRUE, _xlfn._xlws.FILTER( "Name: "&'Master Data'!$J$2:$J$10000& " Price: "&'Master Data'!$L$2:$L$10000& " Qty: "&('Master Data'!$K$2:$K$10000-'Master Data'!$Q$2:$Q$10000)& " Unit: "&'Master Data'!$N$2:$N$10000& " Supplier Reference: "&'Master Data'!$B$2:$B$10000& " PO Reference: "&'Master Data'!$A$2:$A$10000, ('Master Data'!$J$2:$J$10000=D38)* (('Master Data'!$K$2:$K$10000-'Master Data'!$Q$2:$Q$10000)<>0) ) ), "Not Found")} -> Name: PAPER CLIP Price: 20 Qty: 1 Unit: Nos Supplier Reference: MR MD For Project Management Services EST PO Reference: PUR-ORD-2026-00049 Name: PAPER CLIP Price: 55 Qty: 1 Unit: Nos Supplier Reference: MR MD For Project Management Services EST PO Reference: PUR-ORD-2026-00049 | M38: Stores - MRG
B39: IRSHAD KASHIM AND MOHAMMED AMEER STATIONERY LLC | C39: ERASER | D39: ERASER | E39: Match | F39: ERASER | G39: ERASER | H39: 10 | I39: 10 | J39: 0 | K39: Nos | L39: {=IFERROR( _xlfn.TEXTJOIN(CHAR(10),TRUE, _xlfn._xlws.FILTER( "Name: "&'Master Data'!$J$2:$J$10000& " Price: "&'Master Data'!$L$2:$L$10000& " Qty: "&('Master Data'!$K$2:$K$10000-'Master Data'!$Q$2:$Q$10000)& " Unit: "&'Master Data'!$N$2:$N$10000& " Supplier Reference: "&'Master Data'!$B$2:$B$10000& " PO Reference: "&'Master Data'!$A$2:$A$10000, ('Master Data'!$J$2:$J$10000=D39)* (('Master Data'!$K$2:$K$10000-'Master Data'!$Q$2:$Q$10000)<>0) ) ), "Not Found")} -> Name: ERASER Price: 2 Qty: 10 Unit: Nos Supplier Reference: MR MD For Project Management Services EST PO Reference: PUR-ORD-2026-00049 | M39: Stores - MRG
B40: IRSHAD KASHIM AND MOHAMMED AMEER STATIONERY LLC | C40: Divider 1-12 | D40: Divider 1-12 | E40: Match | F40: CP-DIVIDER_01___12_(30_SETS/BOX) | G40: DIVIDER 01 - 12 (30 SETS/BOX) | H40: 3 | I40: 3 | J40: 0 | K40: Nos | L40: {=IFERROR( _xlfn.TEXTJOIN(CHAR(10),TRUE, _xlfn._xlws.FILTER( "Name: "&'Master Data'!$J$2:$J$10000& " Price: "&'Master Data'!$L$2:$L$10000& " Qty: "&('Master Data'!$K$2:$K$10000-'Master Data'!$Q$2:$Q$10000)& " Unit: "&'Master Data'!$N$2:$N$10000& " Supplier Reference: "&'Master Data'!$B$2:$B$10000& " PO Reference: "&'Master Data'!$A$2:$A$10000, ('Master Data'!$J$2:$J$10000=D40)* (('Master Data'!$K$2:$K$10000-'Master Data'!$Q$2:$Q$10000)<>0) ) ), "Not Found")} -> Name: Divider 1-12 Price: 120 Qty: 3 Unit: Box Supplier Reference: MR MD For Project Management Services EST PO Reference: PUR-ORD-2026-00049 | M40: Stores - MRG
B41: IRSHAD KASHIM AND MOHAMMED AMEER STATIONERY LLC | C41: Divider 1-15 | D41: Divider 1-15 | E41: Match | F41: CP-DIVIDER_01___15_(25_SETS/BOX) | G41: DIVIDER 01 - 15 (25 SETS/BOX) | H41: 4 | I41: 4 | J41: 0 | K41: Nos | L41: {=IFERROR( _xlfn.TEXTJOIN(CHAR(10),TRUE, _xlfn._xlws.FILTER( "Name: "&'Master Data'!$J$2:$J$10000& " Price: "&'Master Data'!$L$2:$L$10000& " Qty: "&('Master Data'!$K$2:$K$10000-'Master Data'!$Q$2:$Q$10000)& " Unit: "&'Master Data'!$N$2:$N$10000& " Supplier Reference: "&'Master Data'!$B$2:$B$10000& " PO Reference: "&'Master Data'!$A$2:$A$10000, ('Master Data'!$J$2:$J$10000=D41)* (('Master Data'!$K$2:$K$10000-'Master Data'!$Q$2:$Q$10000)<>0) ) ), "Not Found")} -> Name: Divider 1-15 Price: 106.25 Qty: 4 Unit: Box Supplier Reference: MR MD For Project Management Services EST PO Reference: PUR-ORD-2026-00049 | M41: Stores - MRG
B42: IRSHAD KASHIM AND MOHAMMED AMEER STATIONERY LLC | C42: A4 Paper80 GSM (5 Ream/Box) (2500 Sheets) | D42: A4 Paper80 GSM (5 Ream/Box) (2500 Sheets) | E42: Match | F42: CP-A4_PAPER80_GSM_(5_REAM/BOX)_(2500_SHEETS) | G42: A4 PAPER80 GSM (5 REAM/BOX) (2500 SHEETS) | H42: 8 | I42: 8 | J42: 0 | K42: Box | L42: {=IFERROR( _xlfn.TEXTJOIN(CHAR(10),TRUE, _xlfn._xlws.FILTER( "Name: "&'Master Data'!$J$2:$J$10000& " Price: "&'Master Data'!$L$2:$L$10000& " Qty: "&('Master Data'!$K$2:$K$10000-'Master Data'!$Q$2:$Q$10000)& " Unit: "&'Master Data'!$N$2:$N$10000& " Supplier Reference: "&'Master Data'!$B$2:$B$10000& " PO Reference: "&'Master Data'!$A$2:$A$10000, ('Master Data'!$J$2:$J$10000=D42)* (('Master Data'!$K$2:$K$10000-'Master Data'!$Q$2:$Q$10000)<>0) ) ), "Not Found")} -> Name: A4 Paper80 GSM (5 Ream/Box) (2500 Sheets) Price: 72 Qty: 8 Unit: Box Supplier Reference: MR MD For Project Management Services EST PO Reference: PUR-ORD-2026-00049 | M42: Stores - MRG
B43: IRSHAD KASHIM AND MOHAMMED AMEER STATIONERY LLC | C43: PUNCH | D43: PUNCH | E43: Match | F43: PUNCH | G43: PUNCH | H43: 3 | I43: 3 | J43: 0 | K43: Nos | L43: {=IFERROR( _xlfn.TEXTJOIN(CHAR(10),TRUE, _xlfn._xlws.FILTER( "Name: "&'Master Data'!$J$2:$J$10000& " Price: "&'Master Data'!$L$2:$L$10000& " Qty: "&('Master Data'!$K$2:$K$10000-'Master Data'!$Q$2:$Q$10000)& " Unit: "&'Master Data'!$N$2:$N$10000& " Supplier Reference: "&'Master Data'!$B$2:$B$10000& " PO Reference: "&'Master Data'!$A$2:$A$10000, ('Master Data'!$J$2:$J$10000=D43)* (('Master Data'!$K$2:$K$10000-'Master Data'!$Q$2:$Q$10000)<>0) ) ), "Not Found")} -> Name: PUNCH Price: 13 Qty: 3 Unit: Nos Supplier Reference: MR MD For Project Management Services EST PO Reference: PUR-ORD-2026-00049 | M43: Stores - MRG
B44: IRSHAD KASHIM AND MOHAMMED AMEER STATIONERY LLC | C44: CLOTH SCISSOR | D44: CLOTH SCISSOR | E44: Match | F44: MESH CUTTER SCISSOR 7" | G44: MESH CUTTER SCISSOR 7" | H44: 5 | I44: 5 | J44: 0 | K44: Nos | L44: {=IFERROR( _xlfn.TEXTJOIN(CHAR(10),TRUE, _xlfn._xlws.FILTER( "Name: "&'Master Data'!$J$2:$J$10000& " Price: "&'Master Data'!$L$2:$L$10000& " Qty: "&('Master Data'!$K$2:$K$10000-'Master Data'!$Q$2:$Q$10000)& " Unit: "&'Master Data'!$N$2:$N$10000& " Supplier Reference: "&'Master Data'!$B$2:$B$10000& " PO Reference: "&'Master Data'!$A$2:$A$10000, ('Master Data'!$J$2:$J$10000=D44)* (('Master Data'!$K$2:$K$10000-'Master Data'!$Q$2:$Q$10000)<>0) ) ), "Not Found")} -> Name: CLOTH SCISSOR Price: 7.5 Qty: 5 Unit: Nos Supplier Reference: MR MD For Project Management Services EST PO Reference: PUR-ORD-2026-00049 | M44: Stores - MRG
B45: IRSHAD KASHIM AND MOHAMMED AMEER STATIONERY LLC | C45: Metal Fastner (50pcs/pkt) | D45: Metal Fastner (50pcs/pkt) | E45: Match | F45: CP-METAL_FASTNER_(50_PCS/PKT) | G45: METAL FASTNER (50 PCS/PKT) | H45: 2 | I45: 2 | J45: 0 | K45: Box | L45: {=IFERROR( _xlfn.TEXTJOIN(CHAR(10),TRUE, _xlfn._xlws.FILTER( "Name: "&'Master Data'!$J$2:$J$10000& " Price: "&'Master Data'!$L$2:$L$10000& " Qty: "&('Master Data'!$K$2:$K$10000-'Master Data'!$Q$2:$Q$10000)& " Unit: "&'Master Data'!$N$2:$N$10000& " Supplier Reference: "&'Master Data'!$B$2:$B$10000& " PO Reference: "&'Master Data'!$A$2:$A$10000, ('Master Data'!$J$2:$J$10000=D45)* (('Master Data'!$K$2:$K$10000-'Master Data'!$Q$2:$Q$10000)<>0) ) ), "Not Found")} -> Name: Metal Fastner (50pcs/pkt) Price: 6.5 Qty: 2 Unit: Box Supplier Reference: MR MD For Project Management Services EST PO Reference: PUR-ORD-2026-00049 | M45: Stores - MRG
... B47: IRSHAD KASHIM AND MOHAMMED AMEER STATIONERY LLC | C47: FIS note book / diary A5 | D47: FIS note book / diary A5 | E47: Match | F47: CP-FIS_NOTE_BOOK_/DIARY_A5 | G47: FIS NOTE BOOK /DIARY A5 | H47: 5 | I47: 5 | J47: 0 | K47: Nos | L47: {=IFERROR( _xlfn.TEXTJOIN(CHAR(10),TRUE, _xlfn._xlws.FILTER( "Name: "&'Master Data'!$J$2:$J$10000& " Price: "&'Master Data'!$L$2:$L$10000& " Qty: "&('Master Data'!$K$2:$K$10000-'Master Data'!$Q$2:$Q$10000)& " Unit: "&'Master Data'!$N$2:$N$10000& " Supplier Reference: "&'Master Data'!$B$2:$B$10000& " PO Reference: "&'Master Data'!$A$2:$A$10000, ('Master Data'!$J$2:$J$10000=D47)* (('Master Data'!$K$2:$K$10000-'Master Data'!$Q$2:$Q$10000)<>0) ) ), "Not Found")} -> Name: FIS note book / diary A5 Price: 18 Qty: 5 Unit: Nos Supplier Reference: MR MD For Project Management Services EST PO Reference: PUR-ORD-2026-00049 | M47: Stores - MRG
A48: MRG-LPO-00343, MRG-LPO-00454-1 | B48: JANNAT AL FERDOS BUILDING MATERIALS TRADING LLC | C48: FIRE BLANKET | D48: FIRE BLANKET | E48: Match | F48: FIRE BLANKET | G48: FIRE BLANKET | H48: 60 | I48: 30 | J48: -30 | K48: Nos | L48: {=IFERROR( _xlfn.TEXTJOIN(CHAR(10),TRUE, _xlfn._xlws.FILTER( "Name: "&'Master Data'!$J$2:$J$10000& " Price: "&'Master Data'!$L$2:$L$10000& " Qty: "&('Master Data'!$K$2:$K$10000-'Master Data'!$Q$2:$Q$10000)& " Unit: "&'Master Data'!$N$2:$N$10000& " Supplier Reference: "&'Master Data'!$B$2:$B$10000& " PO Reference: "&'Master Data'!$A$2:$A$10000, ('Master Data'!$J$2:$J$10000=D48)* (('Master Data'!$K$2:$K$10000-'Master Data'!$Q$2:$Q$10000)<>0) ) ), "Not Found")} -> Name: FIRE BLANKET Price: 16.5 Qty: 30 Unit: Nos Supplier Reference: MR MD For Project Management Services EST PO Reference: PUR-ORD-2026-00049 Name: FIRE BLANKET Price: 6 Qty: 30 Unit: Nos Supplier Reference: MR MD For Project Management Services EST PO Reference: PUR-ORD-2026-00049 | M48: Stores - MRG
A49: MRG-LPO-00052, MRG-LPO-00081 | B49: JK CEMENT WORK ( FUJAIRAH ) FZC | C49: JK PROFIX -WPC 11 | D49: JK PROFIX -WPC 11 | E49: Match | F49: CP-JK_PROFIX__WPC_11_(_PART_A_20KG+_PART_B_10KG) | G49: JK PROFIX -WPC 11 ( PART A 20KG+ PART B 10KG) | H49: 100 | I49: 100 | J49: 0 | K49: Nos | L49: {=IFERROR( _xlfn.TEXTJOIN(CHAR(10),TRUE, _xlfn._xlws.FILTER( "Name: "&'Master Data'!$J$2:$J$10000& " Price: "&'Master Data'!$L$2:$L$10000& " Qty: "&('Master Data'!$K$2:$K$10000-'Master Data'!$Q$2:$Q$10000)& " Unit: "&'Master Data'!$N$2:$N$10000& " Supplier Reference: "&'Master Data'!$B$2:$B$10000& " PO Reference: "&'Master Data'!$A$2:$A$10000, ('Master Data'!$J$2:$J$10000=D49)* (('Master Data'!$K$2:$K$10000-'Master Data'!$Q$2:$Q$10000)<>0) ) ), "Not Found")} -> Name: JK PROFIX -WPC 11 Price: 165 Qty: 100 Unit: KIT Supplier Reference: JK CEMENT WORK ( FUJAIRAH ) FZC PO Reference: MRG-LPO-00052 | M49: Stores - MRG
B50: JK CEMENT WORK ( FUJAIRAH ) FZC | C50: JK PROFIX PU SPRAY 45-A (220KG/DRUM) | D50: JK PROFIX PU SPRAY 45-A (220KG/DRUM) | E50: Match | F50: CP-JK_PROFIX_PU_SPRAY_45_A_(220KG_DRUM) | G50: JK PROFIX PU SPRAY 45-A (220KG DRUM) | H50: 10 | I50: 10 | J50: 0 | K50: Nos | L50: {=IFERROR( _xlfn.TEXTJOIN(CHAR(10),TRUE, _xlfn._xlws.FILTER( "Name: "&'Master Data'!$J$2:$J$10000& " Price: "&'Master Data'!$L$2:$L$10000& " Qty: "&('Master Data'!$K$2:$K$10000-'Master Data'!$Q$2:$Q$10000)& " Unit: "&'Master Data'!$N$2:$N$10000& " Supplier Reference: "&'Master Data'!$B$2:$B$10000& " PO Reference: "&'Master Data'!$A$2:$A$10000, ('Master Data'!$J$2:$J$10000=D50)* (('Master Data'!$K$2:$K$10000-'Master Data'!$Q$2:$Q$10000)<>0) ) ), "Not Found")} -> Name: JK PROFIX PU SPRAY 45-A (220KG/DRUM) Price: 2420 Qty: 10 Unit: Kg Supplier Reference: JK CEMENT WORK ( FUJAIRAH ) FZC PO Reference: MRG-LPO-00081 | M50: Stores - MRG
B51: JK CEMENT WORK ( FUJAIRAH ) FZC | C51: JK PROFIX PU MDI-B (250KG/DRUM) | D51: JK PROFIX PU MDI-B (250KG/DRUM) | E51: Match | F51: CP-JK_PROFIX_PU_MDI_B_(250KG_DRUM) | G51: JK PROFIX PU MDI-B (250KG DRUM) | H51: 10 | I51: 10 | J51: 0 | K51: Nos | L51: {=IFERROR( _xlfn.TEXTJOIN(CHAR(10),TRUE, _xlfn._xlws.FILTER( "Name: "&'Master Data'!$J$2:$J$10000& " Price: "&'Master Data'!$L$2:$L$10000& " Qty: "&('Master Data'!$K$2:$K$10000-'Master Data'!$Q$2:$Q$10000)& " Unit: "&'Master Data'!$N$2:$N$10000& " Supplier Reference: "&'Master Data'!$B$2:$B$10000& " PO Reference: "&'Master Data'!$A$2:$A$10000, ('Master Data'!$J$2:$J$10000=D51)* (('Master Data'!$K$2:$K$10000-'Master Data'!$Q$2:$Q$10000)<>0) ) ), "Not Found")} -> Name: JK PROFIX PU MDI-B (250KG/DRUM) Price: 2750 Qty: 10 Unit: Kg Supplier Reference: MR MD For Project Management Services EST PO Reference: PUR-ORD-2026-00049 | M51: Stores - MRG
A52: PUR-ORD-2026-00019 | B52: Kanz Chemical Ind LLC | C52: CRESCOAT RBE 10 (200L -CT) (200LTR/DRUM) | D52: CRESCOAT RBE 10 (200L -CT) (200LTR/DRUM) | E52: Match | F52: CP-CRESCOAT_RBE_10__(200LTR_/DRUM) | G52: CRESCOAT RBE 10 (200LTR /DRUM) | H52: 20 | I52: 20 | J52: 0 | K52: Nos | L52: {=IFERROR( _xlfn.TEXTJOIN(CHAR(10),TRUE, _xlfn._xlws.FILTER( "Name: "&'Master Data'!$J$2:$J$10000& " Price: "&'Master Data'!$L$2:$L$10000& " Qty: "&('Master Data'!$K$2:$K$10000-'Master Data'!$Q$2:$Q$10000)& " Unit: "&'Master Data'!$N$2:$N$10000& " Supplier Reference: "&'Master Data'!$B$2:$B$10000& " PO Reference: "&'Master Data'!$A$2:$A$10000, ('Master Data'!$J$2:$J$10000=D52)* (('Master Data'!$K$2:$K$10000-'Master Data'!$Q$2:$Q$10000)<>0) ) ), "Not Found")} -> Name: CRESCOAT RBE 10 (200L -CT) (200LTR/DRUM) Price: 350 Qty: 20 Unit: Litre Supplier Reference: Kanz Chemical Ind LLC PO Reference: PUR-ORD-2026-00019 | M52: Stores - MRG
A53: MRG-LPO-00621 | B53: MMT TRADING LLC | C53: CANVAS CLOTH (1 BUNDDLE X 19) | D53: CANVAS CLOTH (1 BUNDDLE X 19) | E53: Match | F53: CP-CANVAS_CLOTH_(25_PCS_PER_BUNDLE_) | G53: CANVAS CLOTH (25 PCS PER BUNDLE ) | H53: 3 | I53: 3 | J53: 0 | K53: Nos | L53: {=IFERROR( _xlfn.TEXTJOIN(CHAR(10),TRUE, _xlfn._xlws.FILTER( "Name: "&'Master Data'!$J$2:$J$10000& " Price: "&'Master Data'!$L$2:$L$10000& " Qty: "&('Master Data'!$K$2:$K$10000-'Master Data'!$Q$2:$Q$10000)& " Unit: "&'Master Data'!$N$2:$N$10000& " Supplier Reference: "&'Master Data'!$B$2:$B$10000& " PO Reference: "&'Master Data'!$A$2:$A$10000, ('Master Data'!$J$2:$J$10000=D53)* (('Master Data'!$K$2:$K$10000-'Master Data'!$Q$2:$Q$10000)<>0) ) ), "Not Found")} -> Name: CANVAS CLOTH (1 BUNDDLE X 19) Price: 400 Qty: 3 Unit: M2 Supplier Reference: MMT TRADING LLC PO Reference: MRG-LPO-00281 | M53: Stores - MRG
B54: MMT TRADING LLC | C54: MASKING TAPE 2'' | D54: MASKING TAPE 2'' | E54: Match | F54: CP-MASKING_TAPE_2''X_25_YRD | G54: MASKING TAPE 2''X 25 YRD | H54: 100 | I54: 100 | J54: 0 | K54: Box | L54: {=IFERROR( _xlfn.TEXTJOIN(CHAR(10),TRUE, _xlfn._xlws.FILTER( "Name: "&'Master Data'!$J$2:$J$10000& " Price: "&'Master Data'!$L$2:$L$10000& " Qty: "&('Master Data'!$K$2:$K$10000-'Master Data'!$Q$2:$Q$10000)& " Unit: "&'Master Data'!$N$2:$N$10000& " Supplier Reference: "&'Master Data'!$B$2:$B$10000& " PO Reference: "&'Master Data'!$A$2:$A$10000, ('Master Data'!$J$2:$J$10000=D54)* (('Master Data'!$K$2:$K$10000-'Master Data'!$Q$2:$Q$10000)<>0) ) ), "Not Found")} -> Name: MASKING TAPE 2'' Price: 38 Qty: 100 Unit: Box Supplier Reference: MMT TRADING LLC PO Reference: MRG-LPO-00621 | M54: Stores - MRG
B55: MMT TRADING LLC | C55: POLYTHENE SHEET 100G | D55: POLYTHENE SHEET 100G | E55: Match | F55: POLYTHENE SHEET 100G | G55: POLYTHENE SHEET 100G | H55: 100 | I55: 100 | J55: 0 | K55: ROLL | L55: {=IFERROR( _xlfn.TEXTJOIN(CHAR(10),TRUE, _xlfn._xlws.FILTER( "Name: "&'Master Data'!$J$2:$J$10000& " Price: "&'Master Data'!$L$2:$L$10000& " Qty: "&('Master Data'!$K$2:$K$10000-'Master Data'!$Q$2:$Q$10000)& " Unit: "&'Master Data'!$N$2:$N$10000& " Supplier Reference: "&'Master Data'!$B$2:$B$10000& " PO Reference: "&'Master Data'!$A$2:$A$10000, ('Master Data'!$J$2:$J$10000=D55)* (('Master Data'!$K$2:$K$10000-'Master Data'!$Q$2:$Q$10000)<>0) ) ), "Not Found")} -> Name: POLYTHENE SHEET 100G Price: 6.5 Qty: 100 Unit: ROLL Supplier Reference: MR MD For Project Management Services EST PO Reference: PUR-ORD-2026-00049 | M55: Stores - MRG
B56: MMT TRADING LLC | C56: WELDING APRON | D56: WELDING APRON | E56: Match | F56: WELDING APRON | G56: WELDING APRON | H56: 35 | I56: 35 | J56: 0 | K56: Nos | L56: {=IFERROR( _xlfn.TEXTJOIN(CHAR(10),TRUE, _xlfn._xlws.FILTER( "Name: "&'Master Data'!$J$2:$J$10000& " Price: "&'Master Data'!$L$2:$L$10000& " Qty: "&('Master Data'!$K$2:$K$10000-'Master Data'!$Q$2:$Q$10000)& " Unit: "&'Master Data'!$N$2:$N$10000& " Supplier Reference: "&'Master Data'!$B$2:$B$10000& " PO Reference: "&'Master Data'!$A$2:$A$10000, ('Master Data'!$J$2:$J$10000=D56)* (('Master Data'!$K$2:$K$10000-'Master Data'!$Q$2:$Q$10000)<>0) ) ), "Not Found")} -> Name: WELDING APRON Price: 11.5 Qty: 35 Unit: Nos Supplier Reference: MR MD For Project Management Services EST PO Reference: PUR-ORD-2026-00049 | M56: Stores - MRG
B57: MMT TRADING LLC | C57: SCRAPER 2'' | D57: SCRAPER 2'' | E57: Match | F57: SCRAPER 2'' | G57: SCRAPER 2'' | H57: 30 | I57: 30 | J57: 0 | K57: Nos | L57: {=IFERROR( _xlfn.TEXTJOIN(CHAR(10),TRUE, _xlfn._xlws.FILTER( "Name: "&'Master Data'!$J$2:$J$10000& " Price: "&'Master Data'!$L$2:$L$10000& " Qty: "&('Master Data'!$K$2:$K$10000-'Master Data'!$Q$2:$Q$10000)& " Unit: "&'Master Data'!$N$2:$N$10000& " Supplier Reference: "&'Master Data'!$B$2:$B$10000& " PO Reference: "&'Master Data'!$A$2:$A$10000, ('Master Data'!$J$2:$J$10000=D57)* (('Master Data'!$K$2:$K$10000-'Master Data'!$Q$2:$Q$10000)<>0) ) ), "Not Found")} -> Name: SCRAPER 2'' Price: 1.4 Qty: 30 Unit: Nos Supplier Reference: MR MD For Project Management Services EST PO Reference: PUR-ORD-2026-00049 | M57: Stores - MRG
B58: MMT TRADING LLC | C58: SCRAPER 3'' | D58: SCRAPER 3'' | E58: Match | F58: SCRAPPER 3 | G58: SCRAPPER 3 | H58: 30 | I58: 30 | J58: 0 | K58: Nos | L58: {=IFERROR( _xlfn.TEXTJOIN(CHAR(10),TRUE, _xlfn._xlws.FILTER( "Name: "&'Master Data'!$J$2:$J$10000& " Price: "&'Master Data'!$L$2:$L$10000& " Qty: "&('Master Data'!$K$2:$K$10000-'Master Data'!$Q$2:$Q$10000)& " Unit: "&'Master Data'!$N$2:$N$10000& " Supplier Reference: "&'Master Data'!$B$2:$B$10000& " PO Reference: "&'Master Data'!$A$2:$A$10000, ('Master Data'!$J$2:$J$10000=D58)* (('Master Data'!$K$2:$K$10000-'Master Data'!$Q$2:$Q$10000)<>0) ) ), "Not Found")} -> Name: SCRAPER 3'' Price: 1.55 Qty: 30 Unit: Nos Supplier Reference: MR MD For Project Management Services EST PO Reference: PUR-ORD-2026-00049 | M58: Stores - MRG
B59: MMT TRADING LLC | C59: BAKING ROD 20MM | D59: BAKING ROD 20MM | E59: Match | F59: CP-BAKING_ROD_20MM__(200_LM_X_20MM) | G59: BAKING ROD 20MM (200 LM X 20MM) | H59: 20 | I59: 20 | J59: 0 | K59: Nos | L59: {=IFERROR( _xlfn.TEXTJOIN(CHAR(10),TRUE, _xlfn._xlws.FILTER( "Name: "&'Master Data'!$J$2:$J$10000& " Price: "&'Master Data'!$L$2:$L$10000& " Qty: "&('Master Data'!$K$2:$K$10000-'Master Data'!$Q$2:$Q$10000)& " Unit: "&'Master Data'!$N$2:$N$10000& " Supplier Reference: "&'Master Data'!$B$2:$B$10000& " PO Reference: "&'Master Data'!$A$2:$A$10000, ('Master Data'!$J$2:$J$10000=D59)* (('Master Data'!$K$2:$K$10000-'Master Data'!$Q$2:$Q$10000)<>0) ) ), "Not Found")} -> Name: BAKING ROD 20MM Price: 68 Qty: 20 Unit: Nos Supplier Reference: MR MD For Project Management Services EST PO Reference: PUR-ORD-2026-00049 | M59: Stores - MRG
A60: MRG-LPO-00111-1, MRG-LPO-00450 | B60: Petrozo Energy L.L.C | C60: RHEOSEAL 4S -200 GSM SL APP | D60: RHEOSEAL 4S -200 GSM SL APP | E60: Match | F60: CP-RHEOSEAL_4S__200_GSM_SL_APP__(1M*10M_ROLL) | G60: RHEOSEAL 4S -200 GSM SL APP (1M*10M ROLL) | H60: 1 | I60: 1 | J60: 0 | K60: Nos | L60: {=IFERROR( _xlfn.TEXTJOIN(CHAR(10),TRUE, _xlfn._xlws.FILTER( "Name: "&'Master Data'!$J$2:$J$10000& " Price: "&'Master Data'!$L$2:$L$10000& " Qty: "&('Master Data'!$K$2:$K$10000-'Master Data'!$Q$2:$Q$10000)& " Unit: "&'Master Data'!$N$2:$N$10000& " Supplier Reference: "&'Master Data'!$B$2:$B$10000& " PO Reference: "&'Master Data'!$A$2:$A$10000, ('Master Data'!$J$2:$J$10000=D60)* (('Master Data'!$K$2:$K$10000-'Master Data'!$Q$2:$Q$10000)<>0) ) ), "Not Found")} -> Name: RHEOSEAL 4S -200 GSM SL APP Price: 128 Qty: 1 Unit: ROLL Supplier Reference: MR MD For Project Management Services EST PO Reference: PUR-ORD-2026-00049 | M60: Stores - MRG
B61: Petrozo Energy L.L.C | C61: RHEOSEAL SBS 4S 200 -5 | D61: RHEOSEAL SBS 4S 200 -5 | E61: Match | F61: CP-RHEOSEAL__SBS_4S_200__5___(_(1M*10M_ROLL) | G61: RHEOSEAL SBS 4S 200 -5 ( (1M*10M ROLL) | H61: 230 | I61: 23 | J61: -207 | K61: Nos | L61: {=IFERROR( _xlfn.TEXTJOIN(CHAR(10),TRUE, _xlfn._xlws.FILTER( "Name: "&'Master Data'!$J$2:$J$10000& " Price: "&'Master Data'!$L$2:$L$10000& " Qty: "&('Master Data'!$K$2:$K$10000-'Master Data'!$Q$2:$Q$10000)& " Unit: "&'Master Data'!$N$2:$N$10000& " Supplier Reference: "&'Master Data'!$B$2:$B$10000& " PO Reference: "&'Master Data'!$A$2:$A$10000, ('Master Data'!$J$2:$J$10000=D61)* (('Master Data'!$K$2:$K$10000-'Master Data'!$Q$2:$Q$10000)<>0) ) ), "Not Found")} -> Name: RHEOSEAL SBS 4S 200 -5 Price: 126 Qty: 23 Unit: Nos Supplier Reference: Petrozo Energy L.L.C PO Reference: MRG-LPO-00450 Name: RHEOSEAL SBS 4S 200 -5 Price: 128 Qty: 92 Unit: Nos Supplier Reference: Petrozo Energy L.L.C PO Reference: MRG-LPO-00456 Name: RHEOSEAL SBS 4S 200 -5 Price: 126 Qty: 115 Unit: Nos Supplier Reference: Petrozo Energy L.L.C PO Reference: MRG-LPO-00629 | M61: Stores - MRG
A62: MRG-LPO-00018 | B62: Reva International General Trading LLC | C62: SIKA TOP 550 SEAL J (FORMERLY KNOWN AS MASTERSEAL 550J LIGHT GREY) (15KG+5KG) SET | D62: SIKA TOP 550 SEAL J (FORMERLY KNOWN AS MASTERSEAL 550J LIGHT GREY) (15KG+5KG) SET | E62: Match | F62: CP-SIKA_TOP_550_SEAL_J__(_PART_A_15KG+_PART_B_5KG) | G62: SIKA TOP 550 SEAL J ( PART A 15KG+ PART B 5KG) | H62: 150 | I62: 100 | J62: -50 | K62: Nos | L62: {=IFERROR( _xlfn.TEXTJOIN(CHAR(10),TRUE, _xlfn._xlws.FILTER( "Name: "&'Master Data'!$J$2:$J$10000& " Price: "&'Master Data'!$L$2:$L$10000& " Qty: "&('Master Data'!$K$2:$K$10000-'Master Data'!$Q$2:$Q$10000)& " Unit: "&'Master Data'!$N$2:$N$10000& " Supplier Reference: "&'Master Data'!$B$2:$B$10000& " PO Reference: "&'Master Data'!$A$2:$A$10000, ('Master Data'!$J$2:$J$10000=D62)* (('Master Data'!$K$2:$K$10000-'Master Data'!$Q$2:$Q$10000)<>0) ) ), "Not Found")} -> Name: SIKA TOP 550 SEAL J (FORMERLY KNOWN AS MASTERSEAL 550J LIGHT GREY) (15KG+5KG) SET Price: 60 Qty: 50 Unit: KIT Supplier Reference: Reva International General Trading LLC PO Reference: PUR-ORD-2026-00004 Name: SIKA TOP 550 SEAL J (FORMERLY KNOWN AS MASTERSEAL 550J LIGHT GREY) (15KG+5KG) SET Price: 60 Qty: 100 Unit: KIT Supplier Reference: Reva International General Trading LLC PO Reference: MRG-LPO-00018 | M62: Stores - MRG
A63: PUR-ORD-2026-00013 | B63: RUKN AL GHUWAIR TRADING | C63: PAINT ROLLER 9" WITH REFILL | D63: PAINT ROLLER 9" WITH REFILL | E63: Match | F63: CP-PAINT_ROLLER_WITH__REFILL_9" | G63: PAINT ROLLER WITH REFILL 9" | H63: 500 | I63: 500 | J63: 0 | K63: Nos | L63: {=IFERROR( _xlfn.TEXTJOIN(CHAR(10),TRUE, _xlfn._xlws.FILTER( "Name: "&'Master Data'!$J$2:$J$10000& " Price: "&'Master Data'!$L$2:$L$10000& " Qty: "&('Master Data'!$K$2:$K$10000-'Master Data'!$Q$2:$Q$10000)& " Unit: "&'Master Data'!$N$2:$N$10000& " Supplier Reference: "&'Master Data'!$B$2:$B$10000& " PO Reference: "&'Master Data'!$A$2:$A$10000, ('Master Data'!$J$2:$J$10000=D63)* (('Master Data'!$K$2:$K$10000-'Master Data'!$Q$2:$Q$10000)<>0) ) ), "Not Found")} -> Name: PAINT ROLLER 9" WITH REFILL Price: 5.25 Qty: 500 Unit: Nos Supplier Reference: RUKN AL GHUWAIR TRADING PO Reference: PUR-ORD-2026-00013 | M63: Stores - MRG
B64: RUKN AL GHUWAIR TRADING | C64: PAINT REFILL 9" | D64: PAINT REFILL 9" | E64: Match | F64: PAINT REFILL 9" | G64: PAINT REFILL 9" | H64: 500 | I64: 200 | J64: -300 | K64: Nos | L64: {=IFERROR( _xlfn.TEXTJOIN(CHAR(10),TRUE, _xlfn._xlws.FILTER( "Name: "&'Master Data'!$J$2:$J$10000& " Price: "&'Master Data'!$L$2:$L$10000& " Qty: "&('Master Data'!$K$2:$K$10000-'Master Data'!$Q$2:$Q$10000)& " Unit: "&'Master Data'!$N$2:$N$10000& " Supplier Reference: "&'Master Data'!$B$2:$B$10000& " PO Reference: "&'Master Data'!$A$2:$A$10000, ('Master Data'!$J$2:$J$10000=D64)* (('Master Data'!$K$2:$K$10000-'Master Data'!$Q$2:$Q$10000)<>0) ) ), "Not Found")} -> Name: PAINT REFILL 9" Price: 2.75 Qty: 300 Unit: Nos Supplier Reference: MR MD For Project Management Services EST PO Reference: PUR-ORD-2026-00049 Name: PAINT REFILL 9" Price: 2.75 Qty: 200 Unit: Nos Supplier Reference: MR MD For Project Management Services EST PO Reference: PUR-ORD-2026-00049 | M64: Stores - MRG
B65: RUKN AL GHUWAIR TRADING | C65: MASON TROWEL 6'' | D65: MASON TROWEL 6'' | E65: Match | F65: MASON TROWEL 6'' | G65: MASON TROWEL 6'' | H65: 50 | I65: 50 | J65: 0 | K65: Nos | L65: {=IFERROR( _xlfn.TEXTJOIN(CHAR(10),TRUE, _xlfn._xlws.FILTER( "Name: "&'Master Data'!$J$2:$J$10000& " Price: "&'Master Data'!$L$2:$L$10000& " Qty: "&('Master Data'!$K$2:$K$10000-'Master Data'!$Q$2:$Q$10000)& " Unit: "&'Master Data'!$N$2:$N$10000& " Supplier Reference: "&'Master Data'!$B$2:$B$10000& " PO Reference: "&'Master Data'!$A$2:$A$10000, ('Master Data'!$J$2:$J$10000=D65)* (('Master Data'!$K$2:$K$10000-'Master Data'!$Q$2:$Q$10000)<>0) ) ), "Not Found")} -> Name: MASON TROWEL 6'' Price: 6 Qty: 50 Unit: Nos Supplier Reference: MR MD For Project Management Services EST PO Reference: PUR-ORD-2026-00049 | M65: Stores - MRG
B66: RUKN AL GHUWAIR TRADING | C66: SAFETY GOGGLES BLACK | D66: SAFETY GOGGLES BLACK | E66: Match | F66: CP-SAFETY_GOGGLES_BLACK | G66: SAFETY GOGGLES BLACK | H66: 100 | I66: 100 | J66: 0 | K66: Box | L66: {=IFERROR( _xlfn.TEXTJOIN(CHAR(10),TRUE, _xlfn._xlws.FILTER( "Name: "&'Master Data'!$J$2:$J$10000& " Price: "&'Master Data'!$L$2:$L$10000& " Qty: "&('Master Data'!$K$2:$K$10000-'Master Data'!$Q$2:$Q$10000)& " Unit: "&'Master Data'!$N$2:$N$10000& " Supplier Reference: "&'Master Data'!$B$2:$B$10000& " PO Reference: "&'Master Data'!$A$2:$A$10000, ('Master Data'!$J$2:$J$10000=D66)* (('Master Data'!$K$2:$K$10000-'Master Data'!$Q$2:$Q$10000)<>0) ) ), "Not Found")} -> Name: SAFETY GOGGLES BLACK Price: 2 Qty: 100 Unit: Nos Supplier Reference: MR MD For Project Management Services EST PO Reference: PUR-ORD-2026-00049 | M66: Stores - MRG
A67: MRG-LPO-00006, MRG-LPO-00023, MRG-LPO-00024, MRG-LPO-00025, MRG-LPO-00044, MRG-LPO-00055, MRG-LPO-00062, MRG-LPO-00080, MRG-LPO-00084-1, MRG-LPO-00089, MRG-LPO-00099, MRG-LPO-00208-1, MRG-LPO-00229, MRG-LPO-00263, MRG-LPO-00287, MRG-LPO-00483, MRG-LPO-00516, MRG-LPO-00536, MRG-LPO-00568, MRG-LPO-00574, MRG-LPO-00575, MRG-LPO-00578, MRG-LPO-00596, MRG-LPO-00623, MRG-LPO-00624, MRG-LPO-00626 | B67: SHERIDAN SPECIALIZED BUILDING PRODUCTS L.L.C | C67: NEOSEAL FLEX 550 - WHITE (PART A 15KG+ PART B 5KG) | D67: NEOSEAL FLEX 550 - WHITE (PART A 15KG+ PART B 5KG) | E67: Match | F67: CP-NEOSEAL_FLEX_550___WHITE__(_PART_A_15KG+_PART_B_5KG) | G67: NEOSEAL FLEX 550 - WHITE ( PART A 15KG+ PART B 5KG) | H67: 1275 | I67: 1075 | J67: -200 | K67: Nos | L67: {=IFERROR( _xlfn.TEXTJOIN(CHAR(10),TRUE, _xlfn._xlws.FILTER( "Name: "&'Master Data'!$J$2:$J$10000& " Price: "&'Master Data'!$L$2:$L$10000& " Qty: "&('Master Data'!$K$2:$K$10000-'Master Data'!$Q$2:$Q$10000)& " Unit: "&'Master Data'!$N$2:$N$10000& " Supplier Reference: "&'Master Data'!$B$2:$B$10000& " PO Reference: "&'Master Data'!$A$2:$A$10000, ('Master Data'!$J$2:$J$10000=D67)* (('Master Data'!$K$2:$K$10000-'Master Data'!$Q$2:$Q$10000)<>0) ) ), "Not Found")} -> Name: NEOSEAL FLEX 550 - WHITE (PART A 15KG+ PART B 5KG) Price: 47 Qty: 100 Unit: KIT Supplier Reference: SHERIDAN SPECIALIZED BUILDING PRODUCTS L.L.C PO Reference: MRG-LPO-00006 Name: NEOSEAL FLEX 550 - WHITE (PART A 15KG+ PART B 5KG) Price: 49 Qty: 200 Unit: KIT Supplier Reference: SHERIDAN SPECIALIZED BUILDING PRODUCTS L.L.C PO Reference: MRG-LPO-00229 Name: NEOSEAL FLEX 550 - WHITE (PART A 15KG+ PART B 5KG) Price: 47 Qty: 200 Unit: KIT Supplier Reference: SHERIDAN SPECIALIZED BUILDING PRODUCTS L.L.C PO Reference: MRG-LPO-00536 Name: NEOSEAL FLEX 550 - WHITE (PART A 15KG+ PART B 5KG) Price: 47 Qty: 325 Unit: KIT Supplier Reference: SHERIDAN SPECIALIZED BUILDING PRODUCTS L.L.C PO Reference: MRG-LPO-00568 Name: NEOSEAL FLEX 550 - WHITE (PART A 15KG+ PART B 5KG) Price: 47 Qty: 100 Unit: KIT Supplier Reference: MR MD For Project Management Services EST PO Reference: PUR-ORD-2026-00049 Name: NEOSEAL FLEX 550 - WHITE (PART A 15KG+ PART B 5KG) Price: 47 Qty: 100 Unit: KIT Supplier Reference: MR MD For Project Management Services EST PO Reference: PUR-ORD-2026-00049 Name: NEOSEAL FLEX 550 - WHITE (PART A 15KG+ PART B 5KG) Price: 47 Qty: 250 Unit: KIT Supplier Reference: MR MD For Project Management Services EST PO Reference: PUR-ORD-2026-00049 | M67: Stores - MRG
B68: SHERIDAN SPECIALIZED BUILDING PRODUCTS L.L.C | C68: NEONATE MDI (250KG) DRUM | D68: NEONATE MDI (250KG) DRUM | E68: Match | F68: CP-NEONATE_MDI_(250KG_DRUM) | G68: NEONATE MDI (250KG DRUM) | H68: 132 | I68: 118 | J68: -14 | K68: Nos | L68: {=IFERROR( _xlfn.TEXTJOIN(CHAR(10),TRUE, _xlfn._xlws.FILTER( "Name: "&'Master Data'!$J$2:$J$10000& " Price: "&'Master Data'!$L$2:$L$10000& " Qty: "&('Master Data'!$K$2:$K$10000-'Master Data'!$Q$2:$Q$10000)& " Unit: "&'Master Data'!$N$2:$N$10000& " Supplier Reference: "&'Master Data'!$B$2:$B$10000& " PO Reference: "&'Master Data'!$A$2:$A$10000, ('Master Data'!$J$2:$J$10000=D68)* (('Master Data'!$K$2:$K$10000-'Master Data'!$Q$2:$Q$10000)<>0) ) ), "Not Found")} -> Name: NEONATE MDI (250KG) DRUM Price: 2050 Qty: 14 Unit: Kg Supplier Reference: SHERIDAN SPECIALIZED BUILDING PRODUCTS L.L.C PO Reference: PUR-ORD-2025-00009 Name: NEONATE MDI (250KG) DRUM Price: 2225 Qty: 19 Unit: Kg Supplier Reference: SHERIDAN SPECIALIZED BUILDING PRODUCTS L.L.C PO Reference: MRG-LPO-00025 Name: NEONATE MDI (250KG) DRUM Price: 2600 Qty: 1 Unit: Kg Supplier Reference: SHERIDAN SPECIALIZED BUILDING PRODUCTS L.L.C PO Reference: MRG-LPO-00044 Name: NEONATE MDI (250KG) DRUM Price: 2700 Qty: 25 Unit: Kg Supplier Reference: SHERIDAN SPECIALIZED BUILDING PRODUCTS L.L.C PO Reference: MRG-LPO-00084-1 Name: NEONATE MDI (250KG) DRUM Price: 2950 Qty: 14 Unit: Kg Supplier Reference: SHERIDAN SPECIALIZED BUILDING PRODUCTS L.L.C PO Reference: MRG-LPO-00596 Name: NEONATE MDI (250KG) DRUM Price: 2025 Qty: 6 Unit: Kg Supplier Reference: MR MD For Project Management Services EST PO Reference: PUR-ORD-2026-00049 Name: NEONATE MDI (250KG) DRUM Price: 3125 Qty: 40 Unit: Kg Supplier Reference: MR MD For Project Management Services EST PO Reference: PUR-ORD-2026-00049 Name: NEONATE MDI (250KG) DRUM Price: 3125 Qty: 13 Unit: Kg Supplier Reference: MR MD For Project Management Services EST PO Reference: PUR-ORD-2026-00049 | M68: Stores - MRG
B69: SHERIDAN SPECIALIZED BUILDING PRODUCTS L.L.C | C69: NEOPOL SRS 45 (220KG) DRUM | D69: NEOPOL SRS 45 (220KG) DRUM | E69: Match | F69: CP-NEOPOL_SRS_45__(220KG_DRUM) | G69: NEOPOL SRS 45 (220KG DRUM) | H69: 137 | I69: 142 | J69: 5 | K69: Nos | L69: {=IFERROR( _xlfn.TEXTJOIN(CHAR(10),TRUE, _xlfn._xlws.FILTER( "Name: "&'Master Data'!$J$2:$J$10000& " Price: "&'Master Data'!$L$2:$L$10000& " Qty: "&('Master Data'!$K$2:$K$10000-'Master Data'!$Q$2:$Q$10000)& " Unit: "&'Master Data'!$N$2:$N$10000& " Supplier Reference: "&'Master Data'!$B$2:$B$10000& " PO Reference: "&'Master Data'!$A$2:$A$10000, ('Master Data'!$J$2:$J$10000=D69)* (('Master Data'!$K$2:$K$10000-'Master Data'!$Q$2:$Q$10000)<>0) ) ), "Not Found")} -> Name: NEOPOL SRS 45 (220KG) DRUM Price: 1782 Qty: 6 Unit: Kg Supplier Reference: MR MD For Project Management Services EST PO Reference: PUR-ORD-2026-00049 Name: NEOPOL SRS 45 (220KG) DRUM Price: 2376 Qty: 25 Unit: Kg Supplier Reference: MR MD For Project Management Services EST PO Reference: PUR-ORD-2026-00049 Name: NEOPOL SRS 45 (220KG) DRUM Price: 1804 Qty: 14 Unit: Kg Supplier Reference: MR MD For Project Management Services EST PO Reference: PUR-ORD-2026-00049 Name: NEOPOL SRS 45 (220KG) DRUM Price: 2596 Qty: 14 Unit: Kg Supplier Reference: MR MD For Project Management Services EST PO Reference: PUR-ORD-2026-00049 Name: NEOPOL SRS 45 (220KG) DRUM Price: 2596 Qty: 5 Unit: Kg Supplier Reference: MR MD For Project Management Services EST PO Reference: PUR-ORD-2026-00049 Name: NEOPOL SRS 45 (220KG) DRUM Price: 1958 Qty: 19 Unit: Kg Supplier Reference: MR MD For Project Management Services EST PO Reference: PUR-ORD-2026-00049 Name: NEOPOL SRS 45 (220KG) DRUM Price: 2750 Qty: 40 Unit: Kg Supplier Reference: MR MD For Project Management Services EST PO Reference: PUR-ORD-2026-00049 Name: NEOPOL SRS 45 (220KG) DRUM Price: 2288 Qty: 1 Unit: Kg Supplier Reference: MR MD For Project Management Services EST PO Reference: PUR-ORD-2026-00049 Name: NEOPOL SRS 45 (220KG) DRUM Price: 2750 Qty: 13 Unit: Kg Supplier Reference: MR MD For Project Management Services EST PO Reference: PUR-ORD-2026-00049 | M69: Stores - MRG
B70: SHERIDAN SPECIALIZED BUILDING PRODUCTS L.L.C | C70: NEOSULPHIDE SEALANT-GUN GRADE 2.5LTR(PART 4 4KG+PART B 0.250KG) | D70: NEOSULPHIDE SEALANT-GUN GRADE 2.5LTR(PART 4 4KG+PART B 0.250KG) | E70: Match | F70: CP-NEOSULPHIDE_SEALANT_GG_PART_A+PART_B__(_2.5LTR/PACK_) | G70: NEOSULPHIDE SEALANT GG PART A+PART B ( 2.5LTR/PACK ) | H70: 45 | I70: 45 | J70: 0 | K70: Nos | L70: {=IFERROR( _xlfn.TEXTJOIN(CHAR(10),TRUE, _xlfn._xlws.FILTER( "Name: "&'Master Data'!$J$2:$J$10000& " Price: "&'Master Data'!$L$2:$L$10000& " Qty: "&('Master Data'!$K$2:$K$10000-'Master Data'!$Q$2:$Q$10000)& " Unit: "&'Master Data'!$N$2:$N$10000& " Supplier Reference: "&'Master Data'!$B$2:$B$10000& " PO Reference: "&'Master Data'!$A$2:$A$10000, ('Master Data'!$J$2:$J$10000=D70)* (('Master Data'!$K$2:$K$10000-'Master Data'!$Q$2:$Q$10000)<>0) ) ), "Not Found")} -> Name: NEOSULPHIDE SEALANT-GUN GRADE 2.5LTR(PART 4 4KG+PART B 0.250KG) Price: 46 Qty: 45 Unit: KIT Supplier Reference: SHERIDAN SPECIALIZED BUILDING PRODUCTS L.L.C PO Reference: MRG-LPO-00023 | M70: Stores - MRG
B71: SHERIDAN SPECIALIZED BUILDING PRODUCTS L.L.C | C71: BITUMEN IMPEREGNATED BOARD 10 MM -CUTTING | D71: BITUMEN IMPEREGNATED BOARD 10 MM -CUTTING | E71: Match | F71: FILLER BOARD 10MM THICK WITH 7CM CUTTING PCS | G71: FILLER BOARD | H71: 280 | I71: 430 | J71: 150 | K71: Nos | L71: {=IFERROR( _xlfn.TEXTJOIN(CHAR(10),TRUE, _xlfn._xlws.FILTER( "Name: "&'Master Data'!$J$2:$J$10000& " Price: "&'Master Data'!$L$2:$L$10000& " Qty: "&('Master Data'!$K$2:$K$10000-'Master Data'!$Q$2:$Q$10000)& " Unit: "&'Master Data'!$N$2:$N$10000& " Supplier Reference: "&'Master Data'!$B$2:$B$10000& " PO Reference: "&'Master Data'!$A$2:$A$10000, ('Master Data'!$J$2:$J$10000=D71)* (('Master Data'!$K$2:$K$10000-'Master Data'!$Q$2:$Q$10000)<>0) ) ), "Not Found")} -> Name: BITUMEN IMPEREGNATED BOARD 10 MM -CUTTING Price: 32 Qty: 100 Unit: SHEET Supplier Reference: SHERIDAN SPECIALIZED BUILDING PRODUCTS L.L.C PO Reference: MRG-LPO-00024 Name: BITUMEN IMPEREGNATED BOARD 10 MM -CUTTING Price: 60 Qty: 150 Unit: SHEET Supplier Reference: MR MD For Project Management Services EST PO Reference: PUR-ORD-2026-00049 Name: BITUMEN IMPEREGNATED BOARD 10 MM -CUTTING Price: 39 Qty: 30 Unit: SHEET Supplier Reference: MR MD For Project Management Services EST PO Reference: PUR-ORD-2026-00049 | M71: Stores - MRG
B72: SHERIDAN SPECIALIZED BUILDING PRODUCTS L.L.C | C72: NEOSEAL FLEX 550 -LIGHT GREY (PART A 15KG+PART B 5KG) | D72: NEOSEAL FLEX 550 -LIGHT GREY (PART A 15KG+PART B 5KG) | E72: Match | F72: CP-NEOSEAL_FLEX_550__LIGHT_GREY_(PART_A_15KG+PART_B_5KG) | G72: NEOSEAL FLEX 550 -LIGHT GREY (PART A 15KG+PART B 5KG) | H72: 450 | I72: 150 | J72: -300 | K72: Nos | L72: {=IFERROR( _xlfn.TEXTJOIN(CHAR(10),TRUE, _xlfn._xlws.FILTER( "Name: "&'Master Data'!$J$2:$J$10000& " Price: "&'Master Data'!$L$2:$L$10000& " Qty: "&('Master Data'!$K$2:$K$10000-'Master Data'!$Q$2:$Q$10000)& " Unit: "&'Master Data'!$N$2:$N$10000& " Supplier Reference: "&'Master Data'!$B$2:$B$10000& " PO Reference: "&'Master Data'!$A$2:$A$10000, ('Master Data'!$J$2:$J$10000=D72)* (('Master Data'!$K$2:$K$10000-'Master Data'!$Q$2:$Q$10000)<>0) ) ), "Not Found")} -> Name: NEOSEAL FLEX 550 -LIGHT GREY (PART A 15KG+PART B 5KG) Price: 47 Qty: 100 Unit: KIT Supplier Reference: SHERIDAN SPECIALIZED BUILDING PRODUCTS L.L.C PO Reference: MRG-LPO-00055 Name: NEOSEAL FLEX 550 -LIGHT GREY (PART A 15KG+PART B 5KG) Price: 47 Qty: 300 Unit: Nos Supplier Reference: MR MD For Project Management Services EST PO Reference: PUR-ORD-2026-00049 Name: NEOSEAL FLEX 550 -LIGHT GREY (PART A 15KG+PART B 5KG) Price: 47 Qty: 50 Unit: KIT Supplier Reference: MR MD For Project Management Services EST PO Reference: PUR-ORD-2026-00049 | M72: Stores - MRG
B73: SHERIDAN SPECIALIZED BUILDING PRODUCTS L.L.C | C73: NEOTEX SP-ELASTOMERIC ACRYLIC COATING (20KG/PAIL) LIGHT GREY | D73: NEOTEX SP-ELASTOMERIC ACRYLIC COATING (20KG/PAIL) LIGHT GREY | E73: Match | F73: CP-NEOTEX_SP_LIGHT_GREY_(20KG/PAIL) | G73: NEOTEX SP-LIGHT GREY (20KG/PAIL) | H73: 2 | I73: 2 | J73: 0 | K73: Nos | L73: {=IFERROR( _xlfn.TEXTJOIN(CHAR(10),TRUE, _xlfn._xlws.FILTER( "Name: "&'Master Data'!$J$2:$J$10000& " Price: "&'Master Data'!$L$2:$L$10000& " Qty: "&('Master Data'!$K$2:$K$10000-'Master Data'!$Q$2:$Q$10000)& " Unit: "&'Master Data'!$N$2:$N$10000& " Supplier Reference: "&'Master Data'!$B$2:$B$10000& " PO Reference: "&'Master Data'!$A$2:$A$10000, ('Master Data'!$J$2:$J$10000=D73)* (('Master Data'!$K$2:$K$10000-'Master Data'!$Q$2:$Q$10000)<>0) ) ), "Not Found")} -> Name: NEOTEX SP-ELASTOMERIC ACRYLIC COATING (20KG/PAIL) LIGHT GREY Price: 97 Qty: 2 Unit: PAIL Supplier Reference: MR MD For Project Management Services EST PO Reference: PUR-ORD-2026-00049 | M73: Stores - MRG
B74: SHERIDAN SPECIALIZED BUILDING PRODUCTS L.L.C | C74: NEOSEAL WP 509 -BLACK 24 LTR | D74: NEOSEAL WP 509 -BLACK 24 LTR | E74: Match | F74: CP-NEOSEAL_WP_509__BLACK_(24LTR_PAIL) | G74: NEOSEAL WP 509 -BLACK (24LTR PAIL) | H74: 440 | I74: 280 | J74: -160 | K74: Nos | L74: {=IFERROR( _xlfn.TEXTJOIN(CHAR(10),TRUE, _xlfn._xlws.FILTER( "Name: "&'Master Data'!$J$2:$J$10000& " Price: "&'Master Data'!$L$2:$L$10000& " Qty: "&('Master Data'!$K$2:$K$10000-'Master Data'!$Q$2:$Q$10000)& " Unit: "&'Master Data'!$N$2:$N$10000& " Supplier Reference: "&'Master Data'!$B$2:$B$10000& " PO Reference: "&'Master Data'!$A$2:$A$10000, ('Master Data'!$J$2:$J$10000=D74)* (('Master Data'!$K$2:$K$10000-'Master Data'!$Q$2:$Q$10000)<>0) ) ), "Not Found")} -> Name: NEOSEAL WP 509 -BLACK 24 LTR Price: 170 Qty: 60 Unit: KIT Supplier Reference: SHERIDAN SPECIALIZED BUILDING PRODUCTS L.L.C PO Reference: PUR-ORD-2025-00017 Name: NEOSEAL WP 509 -BLACK 24 LTR Price: 170 Qty: 50 Unit: KIT Supplier Reference: SHERIDAN SPECIALIZED BUILDING PRODUCTS L.L.C PO Reference: PUR-ORD-2026-00008 Name: NEOSEAL WP 509 -BLACK 24 LTR Price: 170 Qty: 50 Unit: KIT Supplier Reference: SHERIDAN SPECIALIZED BUILDING PRODUCTS L.L.C PO Reference: PUR-ORD-2026-00015 Name: NEOSEAL WP 509 -BLACK 24 LTR Price: 216 Qty: 100 Unit: KIT Supplier Reference: SHERIDAN SPECIALIZED BUILDING PRODUCTS L.L.C PO Reference: MRG-LPO-00623 Name: NEOSEAL WP 509 -BLACK 24 LTR Price: 216 Qty: 100 Unit: KIT Supplier Reference: SHERIDAN SPECIALIZED BUILDING PRODUCTS L.L.C PO Reference: MRG-LPO-00624 Name: NEOSEAL WP 509 -BLACK 24 LTR Price: 216 Qty: 70 Unit: KIT Supplier Reference: SHERIDAN SPECIALIZED BUILDING PRODUCTS L.L.C PO Reference: MRG-LPO-00626 Name: NEOSEAL WP 509 -BLACK 24 LTR Price: 215 Qty: 10 Unit: KIT Supplier Reference: MR MD For Project Management Services EST PO Reference: PUR-ORD-2026-00049 | M74: Stores - MRG
B75: SHERIDAN SPECIALIZED BUILDING PRODUCTS L.L.C | C75: BITUMEN IMPEREGNATED BOARD 10 MM -CUTTING | D75: BITUMEN IMPEREGNATED BOARD 10 MM -CUTTING | E75: Match | F75: FILLER BOARD 10MM THICK WITH 7CM CUTTING PCS | G75: FILLER BOARD | H75: 280 | I75: 100 | J75: -180 | K75: Nos | L75: {=IFERROR( _xlfn.TEXTJOIN(CHAR(10),TRUE, _xlfn._xlws.FILTER( "Name: "&'Master Data'!$J$2:$J$10000& " Price: "&'Master Data'!$L$2:$L$10000& " Qty: "&('Master Data'!$K$2:$K$10000-'Master Data'!$Q$2:$Q$10000)& " Unit: "&'Master Data'!$N$2:$N$10000& " Supplier Reference: "&'Master Data'!$B$2:$B$10000& " PO Reference: "&'Master Data'!$A$2:$A$10000, ('Master Data'!$J$2:$J$10000=D75)* (('Master Data'!$K$2:$K$10000-'Master Data'!$Q$2:$Q$10000)<>0) ) ), "Not Found")} -> Name: BITUMEN IMPEREGNATED BOARD 10 MM -CUTTING Price: 32 Qty: 100 Unit: SHEET Supplier Reference: SHERIDAN SPECIALIZED BUILDING PRODUCTS L.L.C PO Reference: MRG-LPO-00024 Name: BITUMEN IMPEREGNATED BOARD 10 MM -CUTTING Price: 60 Qty: 150 Unit: SHEET Supplier Reference: MR MD For Project Management Services EST PO Reference: PUR-ORD-2026-00049 Name: BITUMEN IMPEREGNATED BOARD 10 MM -CUTTING Price: 39 Qty: 30 Unit: SHEET Supplier Reference: MR MD For Project Management Services EST PO Reference: PUR-ORD-2026-00049 | M75: Stores - MRG
B76: SHERIDAN SPECIALIZED BUILDING PRODUCTS L.L.C | C76: NEOSEAL FLEX 588 -GREY (PART A 25KG+PART B 10KG) | D76: NEOSEAL FLEX 588 -GREY (PART A 25KG+PART B 10KG) | E76: Match | F76: CP-NEOSEAL_FLEX_588__GREY_(PART_A_25KG+PART_B_10KG) | G76: NEOSEAL FLEX 588 -GREY (PART A 25KG+PART B 10KG) | H76: 50 | I76: 50 | J76: 0 | K76: Nos | L76: {=IFERROR( _xlfn.TEXTJOIN(CHAR(10),TRUE, _xlfn._xlws.FILTER( "Name: "&'Master Data'!$J$2:$J$10000& " Price: "&'Master Data'!$L$2:$L$10000& " Qty: "&('Master Data'!$K$2:$K$10000-'Master Data'!$Q$2:$Q$10000)& " Unit: "&'Master Data'!$N$2:$N$10000& " Supplier Reference: "&'Master Data'!$B$2:$B$10000& " PO Reference: "&'Master Data'!$A$2:$A$10000, ('Master Data'!$J$2:$J$10000=D76)* (('Master Data'!$K$2:$K$10000-'Master Data'!$Q$2:$Q$10000)<>0) ) ), "Not Found")} -> Name: NEOSEAL FLEX 588 -GREY (PART A 25KG+PART B 10KG) Price: 110 Qty: 50 Unit: KIT Supplier Reference: SHERIDAN SPECIALIZED BUILDING PRODUCTS L.L.C PO Reference: MRG-LPO-00483 | M76: Stores - MRG
B77: SHERIDAN SPECIALIZED BUILDING PRODUCTS L.L.C | C77: NEOBOND SBR 250 | D77: NEOBOND SBR 250 | E77: Match | F77: CP-NEOBOND_SBR_250_(_20LTR_/_PAIL_) | G77: NEOBOND SBR 250 ( 20LTR / PAIL ) | H77: 2 | I77: 2 | J77: 0 | K77: Nos | L77: {=IFERROR( _xlfn.TEXTJOIN(CHAR(10),TRUE, _xlfn._xlws.FILTER( "Name: "&'Master Data'!$J$2:$J$10000& " Price: "&'Master Data'!$L$2:$L$10000& " Qty: "&('Master Data'!$K$2:$K$10000-'Master Data'!$Q$2:$Q$10000)& " Unit: "&'Master Data'!$N$2:$N$10000& " Supplier Reference: "&'Master Data'!$B$2:$B$10000& " PO Reference: "&'Master Data'!$A$2:$A$10000, ('Master Data'!$J$2:$J$10000=D77)* (('Master Data'!$K$2:$K$10000-'Master Data'!$Q$2:$Q$10000)<>0) ) ), "Not Found")} -> Name: NEOBOND SBR 250 Price: 128 Qty: 2 Unit: PAIL Supplier Reference: MR MD For Project Management Services EST PO Reference: PUR-ORD-2026-00049 | M77: Stores - MRG
B78: SHERIDAN SPECIALIZED BUILDING PRODUCTS L.L.C | C78: GEOTEC -120GSM GEOTEXTILE (3 X 100)300 MÂ²/ ROLL | D78: GEOTEC -120GSM GEOTEXTILE (3 X 100)300 MÂ²/ ROLL | E78: Match | F78: CP-GEOTEC__120_GSM_GEOTEXTILE__(3_M_*100_M) | G78: GEOTEC -120 GSM GEOTEXTILE (3 M *100 M) | H78: 46 | I78: 46 | J78: 0 | K78: Nos | L78: {=IFERROR( _xlfn.TEXTJOIN(CHAR(10),TRUE, _xlfn._xlws.FILTER( "Name: "&'Master Data'!$J$2:$J$10000& " Price: "&'Master Data'!$L$2:$L$10000& " Qty: "&('Master Data'!$K$2:$K$10000-'Master Data'!$Q$2:$Q$10000)& " Unit: "&'Master Data'!$N$2:$N$10000& " Supplier Reference: "&'Master Data'!$B$2:$B$10000& " PO Reference: "&'Master Data'!$A$2:$A$10000, ('Master Data'!$J$2:$J$10000=D78)* (('Master Data'!$K$2:$K$10000-'Master Data'!$Q$2:$Q$10000)<>0) ) ), "Not Found")} -> Name: GEOTEC -120GSM GEOTEXTILE (3 X 100)300 MÂ²/ ROLL Price: 414 Qty: 46 Unit: M2 Supplier Reference: MR MD For Project Management Services EST PO Reference: PUR-ORD-2026-00049 | M78: Stores - MRG
B79: SHERIDAN SPECIALIZED BUILDING PRODUCTS L.L.C | C79: NEOSEAL FLEX 588 -WHITE (PART A 26.25 KG+PART B 8.75 KG) | D79: NEOSEAL FLEX 588 -WHITE (PART A 26.25 KG+PART B 8.75 KG) | E79: Match | F79: CP-NEOSEAL_FLEX_588__WHITE_(PART_A_26.25_KG+PART_B_8.75_KG) | G79: NEOSEAL FLEX 588 -WHITE (PART A 26.25 KG+PART B 8.75 KG) | H79: 100 | I79: 50 | J79: -50 | K79: Nos | L79: {=IFERROR( _xlfn.TEXTJOIN(CHAR(10),TRUE, _xlfn._xlws.FILTER( "Name: "&'Master Data'!$J$2:$J$10000& " Price: "&'Master Data'!$L$2:$L$10000& " Qty: "&('Master Data'!$K$2:$K$10000-'Master Data'!$Q$2:$Q$10000)& " Unit: "&'Master Data'!$N$2:$N$10000& " Supplier Reference: "&'Master Data'!$B$2:$B$10000& " PO Reference: "&'Master Data'!$A$2:$A$10000, ('Master Data'!$J$2:$J$10000=D79)* (('Master Data'!$K$2:$K$10000-'Master Data'!$Q$2:$Q$10000)<>0) ) ), "Not Found")} -> Name: NEOSEAL FLEX 588 -WHITE (PART A 26.25 KG+PART B 8.75 KG) Price: 112 Qty: 50 Unit: Nos Supplier Reference: MR MD For Project Management Services EST PO Reference: PUR-ORD-2026-00049 Name: NEOSEAL FLEX 588 -WHITE (PART A 26.25 KG+PART B 8.75 KG) Price: 112 Qty: 50 Unit: KIT Supplier Reference: MR MD For Project Management Services EST PO Reference: PUR-ORD-2026-00049 | M79: Stores - MRG
B80: SHERIDAN SPECIALIZED BUILDING PRODUCTS L.L.C | C80: 4MM NEOFLEX S4180 180GSM | D80: 4MM NEOFLEX S4180 180GSM | E80: Match | F80: CP-4MM_NEOFLEX_S4180_180GSM_(1M*10M_ROLL) | G80: 4MM NEOFLEX S4180 180GSM (1M*10M ROLL) | H80: 598 | I80: 598 | J80: 0 | K80: Nos | L80: {=IFERROR( _xlfn.TEXTJOIN(CHAR(10),TRUE, _xlfn._xlws.FILTER( "Name: "&'Master Data'!$J$2:$J$10000& " Price: "&'Master Data'!$L$2:$L$10000& " Qty: "&('Master Data'!$K$2:$K$10000-'Master Data'!$Q$2:$Q$10000)& " Unit: "&'Master Data'!$N$2:$N$10000& " Supplier Reference: "&'Master Data'!$B$2:$B$10000& " PO Reference: "&'Master Data'!$A$2:$A$10000, ('Master Data'!$J$2:$J$10000=D80)* (('Master Data'!$K$2:$K$10000-'Master Data'!$Q$2:$Q$10000)<>0) ) ), "Not Found")} -> Name: 4MM NEOFLEX S4180 180GSM Price: 110 Qty: 276 Unit: M2 Supplier Reference: SHERIDAN SPECIALIZED BUILDING PRODUCTS L.L.C PO Reference: MRG-LPO-00287 Name: 4MM NEOFLEX S4180 180GSM Price: 109 Qty: 322 Unit: M2 Supplier Reference: SHERIDAN SPECIALIZED BUILDING PRODUCTS L.L.C PO Reference: MRG-LPO-00574 | M80: Stores - MRG
A81: PUR-ORD-2025-00015-1 | B81: SHINGAK PASSENGERS TRANSPORT BY RENTED BUSES LLC | C81: 66 SEATER BUS WITH DRIVER & FUEL | D81: 66 SEATER BUS WITH DRIVER & FUEL | E81: Match | F81: CP-HIRE_66_SEATER_BUS_WITH_DRIVER_WITH_FUEL | G81: HIRE 66 SEATER BUS WITH DRIVER WITH FUEL | H81: 1 | I81: 1 | J81: 0 | K81: Months | L81: {=IFERROR( _xlfn.TEXTJOIN(CHAR(10),TRUE, _xlfn._xlws.FILTER( "Name: "&'Master Data'!$J$2:$J$10000& " Price: "&'Master Data'!$L$2:$L$10000& " Qty: "&('Master Data'!$K$2:$K$10000-'Master Data'!$Q$2:$Q$10000)& " Unit: "&'Master Data'!$N$2:$N$10000& " Supplier Reference: "&'Master Data'!$B$2:$B$10000& " PO Reference: "&'Master Data'!$A$2:$A$10000, ('Master Data'!$J$2:$J$10000=D81)* (('Master Data'!$K$2:$K$10000-'Master Data'!$Q$2:$Q$10000)<>0) ) ), "Not Found")} -> Name: 66 SEATER BUS WITH DRIVER & FUEL Price: 8000 Qty: 1 Unit: Nos Supplier Reference: SHINGAK PASSENGERS TRANSPORT BY RENTED BUSES LLC PO Reference: PUR-ORD-2025-00015-1 | M81: Stores - MRG
A82: MRG-LPO-00014, MRG-LPO-00016, MRG-LPO-00066-1, MRG-LPO-00096, MRG-LPO-00241, MRG-LPO-00276, MRG-LPO-00334, MRG-LPO-00515, MRG-LPO-00582, MRG-LPO-00597, MRG-LPO-00603 | B82: SIKA UAE LLC | C82: SIKA SHIELD E35 PE SA 4MM ROLL 1MX10M | D82: SIKA SHIELD E35 PE SA 4MM ROLL 1MX10M | E82: Match | F82: CP-SIKA_SHIELD_E35_PE_SA_4MM__(1M*10M_ROLL) | G82: SIKA SHIELD E35 PE SA 4MM (1M*10M ROLL) | H82: 8227 | I82: 822.7 | J82: -7404.3 | K82: Nos | L82: {=IFERROR( _xlfn.TEXTJOIN(CHAR(10),TRUE, _xlfn._xlws.FILTER( "Name: "&'Master Data'!$J$2:$J$10000& " Price: "&'Master Data'!$L$2:$L$10000& " Qty: "&('Master Data'!$K$2:$K$10000-'Master Data'!$Q$2:$Q$10000)& " Unit: "&'Master Data'!$N$2:$N$10000& " Supplier Reference: "&'Master Data'!$B$2:$B$10000& " PO Reference: "&'Master Data'!$A$2:$A$10000, ('Master Data'!$J$2:$J$10000=D82)* (('Master Data'!$K$2:$K$10000-'Master Data'!$Q$2:$Q$10000)<>0) ) ), "Not Found")} -> Name: SIKA SHIELD E35 PE SA 4MM ROLL 1MX10M Price: 100 Qty: 4488 Unit: M2 Supplier Reference: SIKA UAE LLC PO Reference: MRG-LPO-00014 Name: SIKA SHIELD E35 PE SA 4MM ROLL 1MX10M Price: 110 Qty: 3728 Unit: M2 Supplier Reference: MR MD For Project Management Services EST PO Reference: PUR-ORD-2026-00049 Name: SIKA SHIELD E35 PE SA 4MM ROLL 1MX10M Price: 110 Qty: 11 Unit: M2 Supplier Reference: MR MD For Project Management Services EST PO Reference: PUR-ORD-2026-00049 | M82: Stores - MRG
B83: SIKA UAE LLC | C83: SIKA SHIELD P26 MG SA 4MM ROLL 1MX10M | D83: SIKA SHIELD P26 MG SA 4MM ROLL 1MX10M | E83: Match | F83: CP-SIKA_SHIELD_P26_MG_SA_4MM___(1M*10M_ROLL) | G83: SIKA SHIELD P26 MG SA 4MM (1M*10M ROLL) | H83: 2650 | I83: 265 | J83: -2385 | K83: Nos | L83: {=IFERROR( _xlfn.TEXTJOIN(CHAR(10),TRUE, _xlfn._xlws.FILTER( "Name: "&'Master Data'!$J$2:$J$10000& " Price: "&'Master Data'!$L$2:$L$10000& " Qty: "&('Master Data'!$K$2:$K$10000-'Master Data'!$Q$2:$Q$10000)& " Unit: "&'Master Data'!$N$2:$N$10000& " Supplier Reference: "&'Master Data'!$B$2:$B$10000& " PO Reference: "&'Master Data'!$A$2:$A$10000, ('Master Data'!$J$2:$J$10000=D83)* (('Master Data'!$K$2:$K$10000-'Master Data'!$Q$2:$Q$10000)<>0) ) ), "Not Found")} -> Name: SIKA SHIELD P26 MG SA 4MM ROLL 1MX10M Price: 115 Qty: 1777 Unit: M2 Supplier Reference: SIKA UAE LLC PO Reference: MRG-LPO-00016 Name: SIKA SHIELD P26 MG SA 4MM ROLL 1MX10M Price: 125 Qty: 45 Unit: M2 Supplier Reference: SIKA UAE LLC PO Reference: MRG-LPO-00241 Name: SIKA SHIELD P26 MG SA 4MM ROLL 1MX10M Price: 125 Qty: 253 Unit: M2 Supplier Reference: SIKA UAE LLC PO Reference: MRG-LPO-00334 Name: SIKA SHIELD P26 MG SA 4MM ROLL 1MX10M Price: 125 Qty: 575 Unit: M2 Supplier Reference: MR MD For Project Management Services EST PO Reference: PUR-ORD-2026-00049 | M83: Stores - MRG
B84: SIKA UAE LLC | C84: SIKALASTIC -152 AE PART A+B SYSTEM CON.33KG | D84: SIKALASTIC -152 AE PART A+B SYSTEM CON.33KG | E84: Match | F84: CP-SIKALASTIC__152_AE(_PART_A_8KG+_PART_B_25KG) | G84: SIKALASTIC -152 AE( PART A 8KG+ PART B 25KG) | H84: 64 | I84: 64 | J84: 0 | K84: Nos | L84: {=IFERROR( _xlfn.TEXTJOIN(CHAR(10),TRUE, _xlfn._xlws.FILTER( "Name: "&'Master Data'!$J$2:$J$10000& " Price: "&'Master Data'!$L$2:$L$10000& " Qty: "&('Master Data'!$K$2:$K$10000-'Master Data'!$Q$2:$Q$10000)& " Unit: "&'Master Data'!$N$2:$N$10000& " Supplier Reference: "&'Master Data'!$B$2:$B$10000& " PO Reference: "&'Master Data'!$A$2:$A$10000, ('Master Data'!$J$2:$J$10000=D84)* (('Master Data'!$K$2:$K$10000-'Master Data'!$Q$2:$Q$10000)<>0) ) ), "Not Found")} -> Name: SIKALASTIC -152 AE PART A+B SYSTEM CON.33KG Price: 115 Qty: 64 Unit: KIT Supplier Reference: MR MD For Project Management Services EST PO Reference: PUR-ORD-2026-00049 | M84: Stores - MRG
B85: SIKA UAE LLC | C85: SIKAFLEX-428 PRECAST CONCRETE GREY | D85: SIKAFLEX-428 PRECAST CONCRETE GREY | E85: Match | F85: CP-SIKAFLEX_428_PRECAST_CONCRETE_GREY_(600_ML_SAUSAGE) | G85: SIKAFLEX-428 PRECAST CONCRETE GREY (600 ML SAUSAGE) | H85: 50 | I85: 50 | J85: 0 | K85: Nos | L85: {=IFERROR( _xlfn.TEXTJOIN(CHAR(10),TRUE, _xlfn._xlws.FILTER( "Name: "&'Master Data'!$J$2:$J$10000& " Price: "&'Master Data'!$L$2:$L$10000& " Qty: "&('Master Data'!$K$2:$K$10000-'Master Data'!$Q$2:$Q$10000)& " Unit: "&'Master Data'!$N$2:$N$10000& " Supplier Reference: "&'Master Data'!$B$2:$B$10000& " PO Reference: "&'Master Data'!$A$2:$A$10000, ('Master Data'!$J$2:$J$10000=D85)* (('Master Data'!$K$2:$K$10000-'Master Data'!$Q$2:$Q$10000)<>0) ) ), "Not Found")} -> Name: SIKAFLEX-428 PRECAST CONCRETE GREY Price: 288 Qty: 50 Unit: PCS Supplier Reference: MR MD For Project Management Services EST PO Reference: PUR-ORD-2026-00049 | M85: Stores - MRG
B86: SIKA UAE LLC | C86: SIKABIT P -12 AE BITUMENIOUS PRIMER (180KG) DRUM | D86: SIKABIT P -12 AE BITUMENIOUS PRIMER (180KG) DRUM | E86: Match | F86: CP-SIKABIT_P__12_AE_BITUMENIOUS_PRIMER__(200LTR_/DRUM) | G86: SIKABIT P -12 AE BITUMENIOUS PRIMER (200LTR /DRUM) | H86: 10 | I86: 2 | J86: -8 | K86: Nos | L86: {=IFERROR( _xlfn.TEXTJOIN(CHAR(10),TRUE, _xlfn._xlws.FILTER( "Name: "&'Master Data'!$J$2:$J$10000& " Price: "&'Master Data'!$L$2:$L$10000& " Qty: "&('Master Data'!$K$2:$K$10000-'Master Data'!$Q$2:$Q$10000)& " Unit: "&'Master Data'!$N$2:$N$10000& " Supplier Reference: "&'Master Data'!$B$2:$B$10000& " PO Reference: "&'Master Data'!$A$2:$A$10000, ('Master Data'!$J$2:$J$10000=D86)* (('Master Data'!$K$2:$K$10000-'Master Data'!$Q$2:$Q$10000)<>0) ) ), "Not Found")} -> Name: SIKABIT P -12 AE BITUMENIOUS PRIMER (180KG) DRUM Price: 850 Qty: 8 Unit: Kg Supplier Reference: SIKA UAE LLC PO Reference: PUR-ORD-2025-00006 Name: SIKABIT P -12 AE BITUMENIOUS PRIMER (180KG) DRUM Price: 900 Qty: 2 Unit: Kg Supplier Reference: MR MD For Project Management Services EST PO Reference: PUR-ORD-2026-00049 | M86: Stores - MRG
B87: SIKA UAE LLC | C87: SIKALASTIC 311 (AE) | D87: SIKALASTIC 311 (AE) | E87: Match | F87: CP-SIKALATIC_311__AE_(_20_LTR_PAIL_) | G87: SIKALATIC 311- AE ( 20 LTR PAIL ) | H87: 5 | I87: 5 | J87: 0 | K87: Nos | L87: {=IFERROR( _xlfn.TEXTJOIN(CHAR(10),TRUE, _xlfn._xlws.FILTER( "Name: "&'Master Data'!$J$2:$J$10000& " Price: "&'Master Data'!$L$2:$L$10000& " Qty: "&('Master Data'!$K$2:$K$10000-'Master Data'!$Q$2:$Q$10000)& " Unit: "&'Master Data'!$N$2:$N$10000& " Supplier Reference: "&'Master Data'!$B$2:$B$10000& " PO Reference: "&'Master Data'!$A$2:$A$10000, ('Master Data'!$J$2:$J$10000=D87)* (('Master Data'!$K$2:$K$10000-'Master Data'!$Q$2:$Q$10000)<>0) ) ), "Not Found")} -> Name: SIKALASTIC 311 (AE) Price: 238 Qty: 5 Unit: Set Supplier Reference: SIKA UAE LLC PO Reference: MRG-LPO-00515 | M87: Stores - MRG
B88: SIKA UAE LLC | C88: Sikashield E65 PE SA 4mm | D88: Sikashield E65 PE SA 4mm | E88: Match | F88: CP-SIKASHIELD_E65_PE_SA_4MM___(1M*10M_ROLL) | G88: Sikashield E65 PE SA 4MM (1M*10M ROLL) | H88: 184 | I88: 184 | J88: 0 | K88: Nos | L88: {=IFERROR( _xlfn.TEXTJOIN(CHAR(10),TRUE, _xlfn._xlws.FILTER( "Name: "&'Master Data'!$J$2:$J$10000& " Price: "&'Master Data'!$L$2:$L$10000& " Qty: "&('Master Data'!$K$2:$K$10000-'Master Data'!$Q$2:$Q$10000)& " Unit: "&'Master Data'!$N$2:$N$10000& " Supplier Reference: "&'Master Data'!$B$2:$B$10000& " PO Reference: "&'Master Data'!$A$2:$A$10000, ('Master Data'!$J$2:$J$10000=D88)* (('Master Data'!$K$2:$K$10000-'Master Data'!$Q$2:$Q$10000)<>0) ) ), "Not Found")} -> Name: Sikashield E65 PE SA 4mm Price: 128 Qty: 184 Unit: M2 Supplier Reference: SIKA UAE LLC PO Reference: MRG-LPO-00582 | M88: Stores - MRG
B89: SIKA UAE LLC | C89: NEOSEAL FLEX 588 -GREY (PART A 25KG+PART B 10KG) | D89: NEOSEAL FLEX 588 -GREY (PART A 25KG+PART B 10KG) | E89: Match | F89: CP-NEOSEAL_FLEX_588__GREY_(PART_A_25KG+PART_B_10KG) | G89: NEOSEAL FLEX 588 -GREY (PART A 25KG+PART B 10KG) | H89: 50 | I89: 25 | J89: -25 | K89: Nos | L89: {=IFERROR( _xlfn.TEXTJOIN(CHAR(10),TRUE, _xlfn._xlws.FILTER( "Name: "&'Master Data'!$J$2:$J$10000& " Price: "&'Master Data'!$L$2:$L$10000& " Qty: "&('Master Data'!$K$2:$K$10000-'Master Data'!$Q$2:$Q$10000)& " Unit: "&'Master Data'!$N$2:$N$10000& " Supplier Reference: "&'Master Data'!$B$2:$B$10000& " PO Reference: "&'Master Data'!$A$2:$A$10000, ('Master Data'!$J$2:$J$10000=D89)* (('Master Data'!$K$2:$K$10000-'Master Data'!$Q$2:$Q$10000)<>0) ) ), "Not Found")} -> Name: NEOSEAL FLEX 588 -GREY (PART A 25KG+PART B 10KG) Price: 110 Qty: 50 Unit: KIT Supplier Reference: SHERIDAN SPECIALIZED BUILDING PRODUCTS L.L.C PO Reference: MRG-LPO-00483 | M89: Stores - MRG
A90: MRG-LPO-00153, MRG-LPO-00164-2, MRG-LPO-00353-1, MRG-LPO-00447, MRG-LPO-00448, MRG-LPO-00495 | B90: SODAMCO S.A.L-Abu Dhabi | C90: WEBERDRY 136 FX GREY KIT (22.5KG) | D90: WEBERDRY 136 FX GREY KIT (22.5KG) | E90: Match | F90: CP-WEBERDRY_136_FX_GREY_KIT__(_PART_A_15_KG+_PART_B_7.5_KG) | G90: WEBERDRY 136 FX GREY KIT ( PART A 15 KG+ PART B 7.5 KG) | H90: 120 | I90: 120 | J90: 0 | K90: Nos | L90: {=IFERROR( _xlfn.TEXTJOIN(CHAR(10),TRUE, _xlfn._xlws.FILTER( "Name: "&'Master Data'!$J$2:$J$10000& " Price: "&'Master Data'!$L$2:$L$10000& " Qty: "&('Master Data'!$K$2:$K$10000-'Master Data'!$Q$2:$Q$10000)& " Unit: "&'Master Data'!$N$2:$N$10000& " Supplier Reference: "&'Master Data'!$B$2:$B$10000& " PO Reference: "&'Master Data'!$A$2:$A$10000, ('Master Data'!$J$2:$J$10000=D90)* (('Master Data'!$K$2:$K$10000-'Master Data'!$Q$2:$Q$10000)<>0) ) ), "Not Found")} -> Name: WEBERDRY 136 FX GREY KIT (22.5KG) Price: 85 Qty: 120 Unit: KIT Supplier Reference: SODAMCO S.A.L-Abu Dhabi PO Reference: MRG-LPO-00153 | M90: Stores - MRG
B91: SODAMCO S.A.L-Abu Dhabi | C91: WEBERSEAL PS 1000 GG/PG 4 Ltr / PACK | D91: WEBERSEAL PS 1000 GG/PG 4 Ltr / PACK | E91: Match | F91: CP-WEBERSEAL_PS__1000_GG/PG_(4_LTR/PACK) | G91: WEBERSEAL PS 1000 GG/PG (4 Ltr/PACK) | H91: 100 | I91: 100 | J91: 0 | K91: Nos | L91: {=IFERROR( _xlfn.TEXTJOIN(CHAR(10),TRUE, _xlfn._xlws.FILTER( "Name: "&'Master Data'!$J$2:$J$10000& " Price: "&'Master Data'!$L$2:$L$10000& " Qty: "&('Master Data'!$K$2:$K$10000-'Master Data'!$Q$2:$Q$10000)& " Unit: "&'Master Data'!$N$2:$N$10000& " Supplier Reference: "&'Master Data'!$B$2:$B$10000& " PO Reference: "&'Master Data'!$A$2:$A$10000, ('Master Data'!$J$2:$J$10000=D91)* (('Master Data'!$K$2:$K$10000-'Master Data'!$Q$2:$Q$10000)<>0) ) ), "Not Found")} -> Name: WEBERSEAL PS 1000 GG/PG 4 Ltr / PACK Price: 100 Qty: 100 Unit: KIT Supplier Reference: MR MD For Project Management Services EST PO Reference: PUR-ORD-2026-00049 | M91: Stores - MRG
B92: SODAMCO S.A.L-Abu Dhabi | C92: PROBOARD BITUMINIOUS PROTECTION BOARD 6MM | D92: PROBOARD BITUMINIOUS PROTECTION BOARD 6MM | E92: Match | F92: CP-PROBOARD_BITUMINIOUS_PROTECTION_BOARD__6MM____(1M*2M_) | G92: PROBOARD BITUMINIOUS PROTECTION BOARD 6MM (1M*2M ) | H92: 65 | I92: 65 | J92: 0 | K92: Nos | L92: {=IFERROR( _xlfn.TEXTJOIN(CHAR(10),TRUE, _xlfn._xlws.FILTER( "Name: "&'Master Data'!$J$2:$J$10000& " Price: "&'Master Data'!$L$2:$L$10000& " Qty: "&('Master Data'!$K$2:$K$10000-'Master Data'!$Q$2:$Q$10000)& " Unit: "&'Master Data'!$N$2:$N$10000& " Supplier Reference: "&'Master Data'!$B$2:$B$10000& " PO Reference: "&'Master Data'!$A$2:$A$10000, ('Master Data'!$J$2:$J$10000=D92)* (('Master Data'!$K$2:$K$10000-'Master Data'!$Q$2:$Q$10000)<>0) ) ), "Not Found")} -> Name: PROBOARD BITUMINIOUS PROTECTION BOARD 6MM Price: 36 Qty: 65 Unit: BD Supplier Reference: MR MD For Project Management Services EST PO Reference: PUR-ORD-2026-00049 | M92: Stores - MRG
B93: SODAMCO S.A.L-Abu Dhabi | C93: WEBERDRY 116 FX SP WHITE KIT (22.5 KG) | D93: WEBERDRY 116 FX SP WHITE KIT (22.5 KG) | E93: Match | F93: CP-WEBERDRY_116_FX_SP__WHITE___(_PART_A_13.63_KG+_PART_B_4.67_KG) | G93: WEBERDRY 116 FX SP WHITE ( PART A 13.63 KG+ PART B 4.67 KG) | H93: 600 | I93: 600 | J93: 0 | K93: Nos | L93: {=IFERROR( _xlfn.TEXTJOIN(CHAR(10),TRUE, _xlfn._xlws.FILTER( "Name: "&'Master Data'!$J$2:$J$10000& " Price: "&'Master Data'!$L$2:$L$10000& " Qty: "&('Master Data'!$K$2:$K$10000-'Master Data'!$Q$2:$Q$10000)& " Unit: "&'Master Data'!$N$2:$N$10000& " Supplier Reference: "&'Master Data'!$B$2:$B$10000& " PO Reference: "&'Master Data'!$A$2:$A$10000, ('Master Data'!$J$2:$J$10000=D93)* (('Master Data'!$K$2:$K$10000-'Master Data'!$Q$2:$Q$10000)<>0) ) ), "Not Found")} -> Name: WEBERDRY 116 FX SP WHITE KIT (22.5 KG) Price: 79 Qty: 600 Unit: KIT Supplier Reference: SODAMCO S.A.L-Abu Dhabi PO Reference: MRG-LPO-00353-1 | M93: Stores - MRG
B94: SODAMCO S.A.L-Abu Dhabi | C94: WEBERDRY 116 FX SP GREY KIT (22.5 KG) | D94: WEBERDRY 116 FX SP GREY KIT (22.5 KG) | E94: Match | F94: CP-WEBERDRY_116_FX_SP__GREY____(_PART_A_13.63_KG+_PART_B_4.67_KG) | G94: WEBERDRY 116 FX SP GREY ( PART A 13.63 KG+ PART B 4.67 KG) | H94: 650 | I94: 650 | J94: 0 | K94: Nos | L94: {=IFERROR( _xlfn.TEXTJOIN(CHAR(10),TRUE, _xlfn._xlws.FILTER( "Name: "&'Master Data'!$J$2:$J$10000& " Price: "&'Master Data'!$L$2:$L$10000& " Qty: "&('Master Data'!$K$2:$K$10000-'Master Data'!$Q$2:$Q$10000)& " Unit: "&'Master Data'!$N$2:$N$10000& " Supplier Reference: "&'Master Data'!$B$2:$B$10000& " PO Reference: "&'Master Data'!$A$2:$A$10000, ('Master Data'!$J$2:$J$10000=D94)* (('Master Data'!$K$2:$K$10000-'Master Data'!$Q$2:$Q$10000)<>0) ) ), "Not Found")} -> Name: WEBERDRY 116 FX SP GREY KIT (22.5 KG) Price: 71 Qty: 650 Unit: KIT Supplier Reference: MR MD For Project Management Services EST PO Reference: PUR-ORD-2026-00049 | M94: Stores - MRG
B95: SODAMCO S.A.L-Abu Dhabi | C95: WEBERDRY 116 FX WHITE KIT (18 KG) | D95: WEBERDRY 116 FX WHITE KIT (18 KG) | E95: Match | F95: CP-WEBERDRY_116_FX_WHITE__(_PART_A_13.63_KG+_PART_B_4.67_KG) | G95: WEBERDRY 116 FX WHITE ( PART A 13.63 KG+ PART B 4.67 KG) | H95: 200 | I95: 200 | J95: 0 | K95: Nos | L95: {=IFERROR( _xlfn.TEXTJOIN(CHAR(10),TRUE, _xlfn._xlws.FILTER( "Name: "&'Master Data'!$J$2:$J$10000& " Price: "&'Master Data'!$L$2:$L$10000& " Qty: "&('Master Data'!$K$2:$K$10000-'Master Data'!$Q$2:$Q$10000)& " Unit: "&'Master Data'!$N$2:$N$10000& " Supplier Reference: "&'Master Data'!$B$2:$B$10000& " PO Reference: "&'Master Data'!$A$2:$A$10000, ('Master Data'!$J$2:$J$10000=D95)* (('Master Data'!$K$2:$K$10000-'Master Data'!$Q$2:$Q$10000)<>0) ) ), "Not Found")} -> Name: WEBERDRY 116 FX WHITE KIT (18 KG) Price: 56 Qty: 200 Unit: KIT Supplier Reference: SODAMCO S.A.L-Abu Dhabi PO Reference: MRG-LPO-00447 | M95: Stores - MRG
B96: SODAMCO S.A.L-Abu Dhabi | C96: WEBERDRY 116 FX GREY KIT (18KG) | D96: WEBERDRY 116 FX GREY KIT (18KG) | E96: Match | F96: CP-WEBERDRY_116_FX_GREY___18_KG__(_PART_A_13.63_KG+_PART_B_4.67_KG) | G96: WEBERDRY 116 FX GREY 18 KG ( PART A 13.63 KG+ PART B 4.67 KG) | H96: 2000 | I96: 2000 | J96: 0 | K96: Nos | L96: {=IFERROR( _xlfn.TEXTJOIN(CHAR(10),TRUE, _xlfn._xlws.FILTER( "Name: "&'Master Data'!$J$2:$J$10000& " Price: "&'Master Data'!$L$2:$L$10000& " Qty: "&('Master Data'!$K$2:$K$10000-'Master Data'!$Q$2:$Q$10000)& " Unit: "&'Master Data'!$N$2:$N$10000& " Supplier Reference: "&'Master Data'!$B$2:$B$10000& " PO Reference: "&'Master Data'!$A$2:$A$10000, ('Master Data'!$J$2:$J$10000=D96)* (('Master Data'!$K$2:$K$10000-'Master Data'!$Q$2:$Q$10000)<>0) ) ), "Not Found")} -> Name: WEBERDRY 116 FX GREY KIT (18KG) Price: 48 Qty: 2000 Unit: KIT Supplier Reference: SODAMCO S.A.L-Abu Dhabi PO Reference: MRG-LPO-00448 | M96: Stores - MRG
B97: SODAMCO S.A.L-Abu Dhabi | C97: WEBER JOINTSEAL PU 300 WHITE (PC) (20 TUBE X 1 BOX) | D97: WEBER JOINTSEAL PU 300 WHITE (PC) (20 TUBE X 1 BOX) | E97: Match | F97: CP-WEBER_JOINTSEAL_PU_300_WHITE__(600_ML_SAUSAGE) | G97: WEBER JOINTSEAL PU 300 WHITE (600 ML SAUSAGE) | H97: 200 | I97: 200 | J97: 0 | K97: Nos | L97: {=IFERROR( _xlfn.TEXTJOIN(CHAR(10),TRUE, _xlfn._xlws.FILTER( "Name: "&'Master Data'!$J$2:$J$10000& " Price: "&'Master Data'!$L$2:$L$10000& " Qty: "&('Master Data'!$K$2:$K$10000-'Master Data'!$Q$2:$Q$10000)& " Unit: "&'Master Data'!$N$2:$N$10000& " Supplier Reference: "&'Master Data'!$B$2:$B$10000& " PO Reference: "&'Master Data'!$A$2:$A$10000, ('Master Data'!$J$2:$J$10000=D97)* (('Master Data'!$K$2:$K$10000-'Master Data'!$Q$2:$Q$10000)<>0) ) ), "Not Found")} -> Name: WEBER JOINTSEAL PU 300 WHITE (PC) (20 TUBE X 1 BOX) Price: 14 Qty: 200 Unit: TUBE Supplier Reference: SODAMCO S.A.L-Abu Dhabi PO Reference: MRG-LPO-00495 | M97: Stores - MRG
A98: MRG-LPO-00026, MRG-LPO-00027, MRG-LPO-00611 | B98: SOPREMA FOR MANUFACTURING MATERIALS-SOLE PROPRIETORSHIP LLC | C98: COLPHENE BSW H 3.5 | D98: COLPHENE BSW H 3.5 | E98: Match | F98: CP-COLPHENE_BSW_H_3.5__(1*10_MTR_ROLL) | G98: COLPHENE BSW H 3.5 (1*10 MTR ROLL) | H98: 155 | I98: 155 | J98: 0 | K98: Nos | L98: {=IFERROR( _xlfn.TEXTJOIN(CHAR(10),TRUE, _xlfn._xlws.FILTER( "Name: "&'Master Data'!$J$2:$J$10000& " Price: "&'Master Data'!$L$2:$L$10000& " Qty: "&('Master Data'!$K$2:$K$10000-'Master Data'!$Q$2:$Q$10000)& " Unit: "&'Master Data'!$N$2:$N$10000& " Supplier Reference: "&'Master Data'!$B$2:$B$10000& " PO Reference: "&'Master Data'!$A$2:$A$10000, ('Master Data'!$J$2:$J$10000=D98)* (('Master Data'!$K$2:$K$10000-'Master Data'!$Q$2:$Q$10000)<>0) ) ), "Not Found")} -> Name: COLPHENE BSW H 3.5 Price: 240 Qty: 100 Unit: ROLL Supplier Reference: SOPREMA FOR MANUFACTURING MATERIALS-SOLE PROPRIETORSHIP LLC PO Reference: MRG-LPO-00026 Name: COLPHENE BSW H 3.5 Price: 240 Qty: 55 Unit: ROLL Supplier Reference: SOPREMA FOR MANUFACTURING MATERIALS-SOLE PROPRIETORSHIP LLC PO Reference: MRG-LPO-00027 | M98: Stores - MRG
B99: SOPREMA FOR MANUFACTURING MATERIALS-SOLE PROPRIETORSHIP LLC | C99: SOPRAMASTIC LM | D99: SOPRAMASTIC LM | E99: Match | F99: CP-SOPRAMASTIC_LM_(20KG_PAIL) | G99: SOPRAMASTIC LM (20KG PAIL) | H99: 2 | I99: 2 | J99: 0 | K99: Nos | L99: {=IFERROR( _xlfn.TEXTJOIN(CHAR(10),TRUE, _xlfn._xlws.FILTER( "Name: "&'Master Data'!$J$2:$J$10000& " Price: "&'Master Data'!$L$2:$L$10000& " Qty: "&('Master Data'!$K$2:$K$10000-'Master Data'!$Q$2:$Q$10000)& " Unit: "&'Master Data'!$N$2:$N$10000& " Supplier Reference: "&'Master Data'!$B$2:$B$10000& " PO Reference: "&'Master Data'!$A$2:$A$10000, ('Master Data'!$J$2:$J$10000=D99)* (('Master Data'!$K$2:$K$10000-'Master Data'!$Q$2:$Q$10000)<>0) ) ), "Not Found")} -> Name: SOPRAMASTIC LM Price: 120 Qty: 2 Unit: PAIL Supplier Reference: MR MD For Project Management Services EST PO Reference: PUR-ORD-2026-00049 | M99: Stores - MRG
B100: SOPREMA FOR MANUFACTURING MATERIALS-SOLE PROPRIETORSHIP LLC | C100: SOPRABOARD SF 3MM | D100: SOPRABOARD SF 3MM | E100: Match | F100: CP-SOPRABOARD_SF_3.0MM__(1M*2M_) | G100: SOPRABOARD SF 3.0MM (1M*2M ) | H100: 350 | I100: 350 | J100: 0 | K100: Nos | L100: {=IFERROR( _xlfn.TEXTJOIN(CHAR(10),TRUE, _xlfn._xlws.FILTER( "Name: "&'Master Data'!$J$2:$J$10000& " Price: "&'Master Data'!$L$2:$L$10000& " Qty: "&('Master Data'!$K$2:$K$10000-'Master Data'!$Q$2:$Q$10000)& " Unit: "&'Master Data'!$N$2:$N$10000& " Supplier Reference: "&'Master Data'!$B$2:$B$10000& " PO Reference: "&'Master Data'!$A$2:$A$10000, ('Master Data'!$J$2:$J$10000=D100)* (('Master Data'!$K$2:$K$10000-'Master Data'!$Q$2:$Q$10000)<>0) ) ), "Not Found")} -> Name: SOPRABOARD SF 3MM Price: 18 Qty: 350 Unit: BD Supplier Reference: MR MD For Project Management Services EST PO Reference: PUR-ORD-2026-00049 | M100: Stores - MRG
B101: SOPREMA FOR MANUFACTURING MATERIALS-SOLE PROPRIETORSHIP LLC | C101: COLPHENE SP LAP | D101: COLPHENE SP LAP | E101: Match | F101: CP-COLPHENE_SP_LAP__(1M*10M_ROLL) | G101: COLPHENE SP LAP (1M*10M ROLL) | H101: 25 | I101: 25 | J101: 0 | K101: Nos | L101: {=IFERROR( _xlfn.TEXTJOIN(CHAR(10),TRUE, _xlfn._xlws.FILTER( "Name: "&'Master Data'!$J$2:$J$10000& " Price: "&'Master Data'!$L$2:$L$10000& " Qty: "&('Master Data'!$K$2:$K$10000-'Master Data'!$Q$2:$Q$10000)& " Unit: "&'Master Data'!$N$2:$N$10000& " Supplier Reference: "&'Master Data'!$B$2:$B$10000& " PO Reference: "&'Master Data'!$A$2:$A$10000, ('Master Data'!$J$2:$J$10000=D101)* (('Master Data'!$K$2:$K$10000-'Master Data'!$Q$2:$Q$10000)<>0) ) ), "Not Found")} -> Name: COLPHENE SP LAP Price: 100 Qty: 25 Unit: ROLL Supplier Reference: MR MD For Project Management Services EST PO Reference: PUR-ORD-2026-00049 | M101: Stores - MRG
...

Sheet Master Data
A1: ID | B1: Supplier | C1: Date | D1: Company | E1: Currency | F1: Exchange Rate | G1: Status | H1: Amount (Company Currency) (Items) | I1: Item Code (Items) | J1: Item Name (Items) | K1: Quantity (Items) | L1: Rate (Company Currency) (Items) | M1: Required By (Items) | N1: Stock UOM (Items) | O1: UOM (Items) | P1: UOM Conversion Factor (Items) | Q1: Received Qty (Items)
A2: MRG-LPO-00022 | B2: AJMAN GAS LLC | C2: 45904 | D2: M R G INSULATION WORKS L.L.C | E2: AED | F2: 1 | G2: To Receive and Bill | H2: 13420 | I2: WATERPRROFING GAS (22KG) | J2: WATERPRROFING GAS 22 KG | K2: 122 | L2: 110 | M2: 46387 | N2: CYLINDER | O2: CYLINDER | P2: 1 | Q2: 108
A3: MRG-LPO-00016 | B3: SIKA UAE LLC | C3: 45971 | D3: M R G INSULATION WORKS L.L.C | E3: AED | F3: 1 | G3: To Receive and Bill | H3: 207000 | I3: SIKA SHIELD P26 MG SA 4MM ROLL 1MX10M | J3: SIKA SHIELD P26 MG SA 4MM ROLL 1MX10M | K3: 1800 | L3: 115 | M3: 46112 | N3: M2 | O3: ROLL | P3: 10 | Q3: 23
A4: PUR-ORD-2025-00005 | B4: AWAZEL INTERNATIONAL CO LLC | C4: 45996 | D4: M R G INSULATION WORKS L.L.C | E4: AED | F4: 1 | G4: To Receive and Bill | H4: 32292 | I4: PY40200L BSP 10 M MEMBRANE SBS MODIFIED 200G | J4: PY40200L BSP 10 M MEMBRANE SBS MODIFIED 200G | K4: 276 | L4: 117 | M4: 46022 | N4: M2 | O4: ROLL | P4: 10 | Q4: 0
A5: PUR-ORD-2025-00006 | B5: SIKA UAE LLC | C5: 45996 | D5: M R G INSULATION WORKS L.L.C | E5: AED | F5: 1 | G5: To Receive and Bill | H5: 6800 | I5: SIKABIT P -12 AE BITUMENIOUS PRIMER (180KG) DRUM | J5: SIKABIT P -12 AE BITUMENIOUS PRIMER (180KG) DRUM | K5: 8 | L5: 850 | M5: 46022 | N5: Kg | O5: DRUM | P5: 180 | Q5: 0
A6: PUR-ORD-2025-00007 | B6: SHAHERA STEEL & WELDING W/SHOP | C6: 45996 | D6: M R G INSULATION WORKS L.L.C | E6: AED | F6: 1 | G6: To Receive and Bill | H6: 1700 | I6: DEEP TRAY FOR DIESEL DRUMS ( 4 DRUMS ) | J6: DEEP TRAY FOR DIESEL DRUMS | K6: 2 | L6: 850 | M6: 46022 | N6: Nos | O6: Nos | P6: 1 | Q6: 0
A7: PUR-ORD-2025-00008 | B7: AWAZEL INTERNATIONAL CO LLC | C7: 45997 | D7: M R G INSULATION WORKS L.L.C | E7: AED | F7: 1 | G7: To Receive and Bill | H7: 26910 | I7: PY40200L BSP 10 M MEMBRANE SBS MODIFIED 200G | J7: PY40200L BSP 10 M MEMBRANE SBS MODIFIED 200G | K7: 230 | L7: 117 | M7: 46022 | N7: M2 | O7: ROLL | P7: 10 | Q7: 0
A8: PUR-ORD-2025-00011 | B8: Al Gurg Fosroc LLC | C8: 45998 | D8: M R G INSULATION WORKS L.L.C | E8: AED | F8: 1 | G8: To Receive and Bill | H8: 2600 | I8: PROTECTION BOARD (6MMX2MX1M) SHEET | J8: PROTECTION BOARD (6MMX2MX1M) SHEET | K8: 80 | L8: 32.5 | M8: 46022 | N8: Nos | O8: SHEET | P8: 1 | Q8: 0
A9: PUR-ORD-2025-00009 | B9: SHERIDAN SPECIALIZED BUILDING PRODUCTS L.L.C | C9: 45999 | D9: M R G INSULATION WORKS L.L.C | E9: AED | F9: 1 | G9: To Receive and Bill | H9: 49200 | I9: NEONATE MDI (250KG) DRUM | J9: NEONATE MDI (250KG) DRUM | K9: 24 | L9: 2050 | M9: 46022 | N9: Kg | O9: DRUM | P9: 250 | Q9: 10
A10: PUR-ORD-2025-00013 | B10: Al Nawras Printing Press Services | C10: 46000 | D10: M R G INSULATION WORKS L.L.C | E10: AED | F10: 1 | G10: To Receive and Bill | H10: 700 | I10: LETTER HEAD KLNNARI OFFWHITE FULL COLOR PRINTING | J10: LETTER HEAD KLNNARI OFFWHITE FULL COLOR PRINTING | K10: 1000 | L10: 0.7 | M10: 46022 | N10: Nos | O10: Nos | P10: 1 | Q10: 0
A11: PUR-ORD-2025-00016 | B11: AL YASIN EQUIPMENT RENTAL LLC | C11: 46001 | D11: M R G INSULATION WORKS L.L.C | E11: AED | F11: 1 | G11: To Receive and Bill | H11: 720 | I11: HIRE OF POWER FLOAT | J11: HIRE OF POWER FLOAT | K11: 12 | L11: 60 | M11: 46022 | N11: Day | O11: Day | P11: 1 | Q11: 0
A12: PUR-ORD-2025-00018 | B12: THREE STAR EQUIPMET RENTAL L.L.C | C12: 46001 | D12: M R G INSULATION WORKS L.L.C | E12: AED | F12: 1 | G12: To Receive and Bill | H12: 240 | I12: HIRE OF POWER FLOAT | J12: HIRE OF POWER FLOAT | K12: 4 | L12: 60 | M12: 46022 | N12: Day | O12: Day | P12: 1 | Q12: 0
A13: PUR-ORD-2025-00015-1 | B13: SHINGAK PASSENGERS TRANSPORT BY RENTED BUSES LLC | C13: 46001 | D13: M R G INSULATION WORKS L.L.C | E13: AED | F13: 1 | G13: To Receive and Bill | H13: 8000 | I13: HIRE 66 SEATER BUS WITH DRIVER & WITH FUEL | J13: 66 SEATER BUS WITH DRIVER & FUEL | K13: 1 | L13: 8000 | M13: 46022 | N13: Nos | O13: Nos | P13: 1 | Q13: 0
... A210: PUR-ORD-2026-00049 | B210: MR MD For Project Management Services EST | C210: 46317 | D210: M R G INSULATION WORKS L.L.C | E210: AED | F210: 1 | G210: To Receive and Bill | H210: 3 | I210: CP-APPLICATION_OF_ANGLE_FILLET_WITH_MESH | J210: Application of angle fillet with mesh | K210: 1 | L210: 3 | M210: 46317 | N210: M2 | O210: M2 | P210: 1 | Q210: 0
A211: {=UPPER(LOOKUP(2,1/(A$1:INDEX(A:A,ROW()-1)<>""),A$1:INDEX(A:A,ROW()-1)))} -> PUR-ORD-2026-00049 | B211: {=LOOKUP(2,1/(B$1:INDEX(B:B,ROW()-1)<>""),B$1:INDEX(B:B,ROW()-1))} -> MR MD For Project Management Services EST | H211: 31500 | I211: HUNTSMAN 200 (250KG) DRUM | J211: HUNSTMAN 200 (250KG) DRUM | K211: 3000 | L211: 10.5 | M211: 46142 | N211: Kg | O211: Kg | P211: 1 | Q211: 0
A212: {=UPPER(LOOKUP(2,1/(A$1:INDEX(A:A,ROW()-1)<>""),A$1:INDEX(A:A,ROW()-1)))} -> PUR-ORD-2026-00049 | B212: {=LOOKUP(2,1/(B$1:INDEX(B:B,ROW()-1)<>""),B$1:INDEX(B:B,ROW()-1))} -> MR MD For Project Management Services EST | H212: 360 | I212: STICKER 36 X 20 CM | J212: STICKER 36 X 20 CM | K212: 90 | L212: 4 | M212: 46134 | N212: Nos | O212: Nos | P212: 1 | Q212: 0
A213: {=UPPER(LOOKUP(2,1/(A$1:INDEX(A:A,ROW()-1)<>""),A$1:INDEX(A:A,ROW()-1)))} -> PUR-ORD-2026-00049 | B213: {=LOOKUP(2,1/(B$1:INDEX(B:B,ROW()-1)<>""),B$1:INDEX(B:B,ROW()-1))} -> MR MD For Project Management Services EST | H213: 30 | I213: STICKER 20 X 15 CM | J213: STICKER 20 X 15 CM | K213: 20 | L213: 1.5 | M213: 46134 | N213: Nos | O213: Nos | P213: 1 | Q213: 0
A214: {=UPPER(LOOKUP(2,1/(A$1:INDEX(A:A,ROW()-1)<>""),A$1:INDEX(A:A,ROW()-1)))} -> PUR-ORD-2026-00049 | B214: {=LOOKUP(2,1/(B$1:INDEX(B:B,ROW()-1)<>""),B$1:INDEX(B:B,ROW()-1))} -> MR MD For Project Management Services EST | H214: 30 | I214: STICKER 10 X 5 CM | J214: STICKER 10 X 5 CM | K214: 60 | L214: 0.5 | M214: 46134 | N214: Nos | O214: Nos | P214: 1 | Q214: 0
A215: {=UPPER(LOOKUP(2,1/(A$1:INDEX(A:A,ROW()-1)<>""),A$1:INDEX(A:A,ROW()-1)))} -> PUR-ORD-2026-00049 | B215: {=LOOKUP(2,1/(B$1:INDEX(B:B,ROW()-1)<>""),B$1:INDEX(B:B,ROW()-1))} -> MR MD For Project Management Services EST | H215: 10000 | I215: WEBERSEAL PS 1000 GG/PG 4 Ltr / PACK | J215: WEBERSEAL PS 1000 GG/PG 4 Ltr / PACK | K215: 100 | L215: 100 | M215: 46173 | N215: KIT | O215: KIT | P215: 1 | Q215: 0
A216: {=UPPER(LOOKUP(2,1/(A$1:INDEX(A:A,ROW()-1)<>""),A$1:INDEX(A:A,ROW()-1)))} -> PUR-ORD-2026-00049 | B216: {=LOOKUP(2,1/(B$1:INDEX(B:B,ROW()-1)<>""),B$1:INDEX(B:B,ROW()-1))} -> MR MD For Project Management Services EST | H216: 5 | I216: Superstructure Waterproofing Works | J216: Superstructure Waterproofing Works | K216: 1 | L216: 5 | M216: 46176 | N216: Nos | O216: M2 | P216: 1 | Q216: 0
A217: {=UPPER(LOOKUP(2,1/(A$1:INDEX(A:A,ROW()-1)<>""),A$1:INDEX(A:A,ROW()-1)))} -> PUR-ORD-2026-00049 | B217: {=LOOKUP(2,1/(B$1:INDEX(B:B,ROW()-1)<>""),B$1:INDEX(B:B,ROW()-1))} -> MR MD For Project Management Services EST | H217: 350 | I217: LEASE CHARGES ADVANCE FOR PRINTER | J217: PRINTER | K217: 1 | L217: 350 | M217: 46203 | N217: Months | O217: Months | P217: 1 | Q217: 0
A218: {=UPPER(LOOKUP(2,1/(A$1:INDEX(A:A,ROW()-1)<>""),A$1:INDEX(A:A,ROW()-1)))} -> PUR-ORD-2026-00049 | B218: {=LOOKUP(2,1/(B$1:INDEX(B:B,ROW()-1)<>""),B$1:INDEX(B:B,ROW()-1))} -> MR MD For Project Management Services EST | H218: 3.5 | I218: COMBO ROOFING SYSTEM | J218: COMBO ROOFING SYSTEM | K218: 1 | L218: 3.5 | M218: 46203 | N218: Nos | O218: Nos | P218: 1 | Q218: 0
A219: {=UPPER(LOOKUP(2,1/(A$1:INDEX(A:A,ROW()-1)<>""),A$1:INDEX(A:A,ROW()-1)))} -> PUR-ORD-2026-00049 | B219: {=LOOKUP(2,1/(B$1:INDEX(B:B,ROW()-1)<>""),B$1:INDEX(B:B,ROW()-1))} -> MR MD For Project Management Services EST | H219: 2 | I219: COMBO ROOFING SYSTEM | J219: COMBO ROOFING SYSTEM | K219: 1 | L219: 2 | M219: 46203 | N219: Nos | O219: Nos | P219: 1 | Q219: 0
A220: {=UPPER(LOOKUP(2,1/(A$1:INDEX(A:A,ROW()-1)<>""),A$1:INDEX(A:A,ROW()-1)))} -> PUR-ORD-2026-00049 | B220: {=LOOKUP(2,1/(B$1:INDEX(B:B,ROW()-1)<>""),B$1:INDEX(B:B,ROW()-1))} -> MR MD For Project Management Services EST | H220: 2 | I220: COMBO ROOFING SYSTEM | J220: COMBO ROOFING SYSTEM | K220: 1 | L220: 2 | M220: 46203 | N220: Nos | O220: Nos | P220: 1 | Q220: 0
A221: {=UPPER(LOOKUP(2,1/(A$1:INDEX(A:A,ROW()-1)<>""),A$1:INDEX(A:A,ROW()-1)))} -> PUR-ORD-2026-00049 | B221: {=LOOKUP(2,1/(B$1:INDEX(B:B,ROW()-1)<>""),B$1:INDEX(B:B,ROW()-1))} -> MR MD For Project Management Services EST | H221: 3 | I221: COMBO ROOFING SYSTEM | J221: COMBO ROOFING SYSTEM | K221: 1 | L221: 3 | M221: 46234 | N221: Nos | O221: M2 | P221: 1 | Q221: 0
A222: {=UPPER(LOOKUP(2,1/(A$1:INDEX(A:A,ROW()-1)<>""),A$1:INDEX(A:A,ROW()-1)))} -> PUR-ORD-2026-00049 | B222: {=LOOKUP(2,1/(B$1:INDEX(B:B,ROW()-1)<>""),B$1:INDEX(B:B,ROW()-1))} -> MR MD For Project Management Services EST | H222: 2 | I222: COMBO ROOFING SYSTEM | J222: COMBO ROOFING SYSTEM | K222: 1 | L222: 2 | M222: 46234 | N222: Nos | O222: M2 | P222: 1 | Q222: 0
... A518: {=UPPER(LOOKUP(2,1/(A$1:INDEX(A:A,ROW()-1)<>""),A$1:INDEX(A:A,ROW()-1)))} -> PUR-ORD-2026-00049 | B518: {=LOOKUP(2,1/(B$1:INDEX(B:B,ROW()-1)<>""),B$1:INDEX(B:B,ROW()-1))} -> MR MD For Project Management Services EST | H518: 450 | I518: BACKING ROD 15MM (360 LM/BAG) SHERIDAN | J518: BACKING ROD 15MM (360 LM/BAG) SHERIDAN | K518: 5 | L518: 90 | M518: 46203 | N518: BUNDLE | O518: BUNDLE | P518: 1 | Q518: 5
A519: {=UPPER(LOOKUP(2,1/(A$1:INDEX(A:A,ROW()-1)<>""),A$1:INDEX(A:A,ROW()-1)))} -> PUR-ORD-2026-00049 | B519: {=LOOKUP(2,1/(B$1:INDEX(B:B,ROW()-1)<>""),B$1:INDEX(B:B,ROW()-1))} -> MR MD For Project Management Services EST | H519: 1760 | I519: BACKING ROD 20MM (200 LM/BAG) SHERIDAN | J519: {=IF(TRIM(I519)="","",_xlfn.XLOOKUP(TRIM(I519), TRIM('[1]MRG LPO''S ( Received Qty )'!$J$1:$J$4997), '[1]MRG LPO''S ( Received Qty )'!$J$1:$J$4997, "Not Found"))} -> BACKING ROD 20MM (200 LM/BAG) SHERIDAN | K519: 20 | L519: 88 | M519: 46203 | N519: BUNDLE | O519: BUNDLE | P519: 1 | Q519: 20
A520: {=UPPER(LOOKUP(2,1/(A$1:INDEX(A:A,ROW()-1)<>""),A$1:INDEX(A:A,ROW()-1)))} -> PUR-ORD-2026-00049 | B520: {=LOOKUP(2,1/(B$1:INDEX(B:B,ROW()-1)<>""),B$1:INDEX(B:B,ROW()-1))} -> MR MD For Project Management Services EST | H520: 10500 | I520: NEOFLEX PU 25 LM (POLYURETHENE SEALANT) 600 ML-GREY | J520: NEOFLEX PU 25 LM (POLYURETHENE SEALANT) 600 ML-GREY | K520: 1000 | L520: 10.5 | M520: 46203 | N520: TUBE | O520: TUBE | P520: 1 | Q520: 1000
A521: {=UPPER(LOOKUP(2,1/(A$1:INDEX(A:A,ROW()-1)<>""),A$1:INDEX(A:A,ROW()-1)))} -> PUR-ORD-2026-00049 | B521: {=LOOKUP(2,1/(B$1:INDEX(B:B,ROW()-1)<>""),B$1:INDEX(B:B,ROW()-1))} -> MR MD For Project Management Services EST | H521: 27600 | I521: PY40200L BSP 10 M MEMBRANE SBS MODIFIED 200G | J521: PY40200L BSP 10 M MEMBRANE SBS MODIFIED 200G | K521: 200 | L521: 138 | M521: 46203 | N521: M2 | O521: ROLL | P521: 10 | Q521: 184
A522: {=UPPER(LOOKUP(2,1/(A$1:INDEX(A:A,ROW()-1)<>""),A$1:INDEX(A:A,ROW()-1)))} -> PUR-ORD-2026-00049 | B522: {=LOOKUP(2,1/(B$1:INDEX(B:B,ROW()-1)<>""),B$1:INDEX(B:B,ROW()-1))} -> MR MD For Project Management Services EST | H522: 3800 | I522: MS 60 6mm Protection Board (1x2m) | J522: MS 60 6mm Protection Board (1x2m) | K522: 100 | L522: 38 | M522: 46203 | N522: SHEET | O522: SHEET | P522: 1 | Q522: 100
A523: {=UPPER(LOOKUP(2,1/(A$1:INDEX(A:A,ROW()-1)<>""),A$1:INDEX(A:A,ROW()-1)))} -> PUR-ORD-2026-00049 | B523: {=LOOKUP(2,1/(B$1:INDEX(B:B,ROW()-1)<>""),B$1:INDEX(B:B,ROW()-1))} -> MR MD For Project Management Services EST | H523: 108675.87 | I523: EXTRUDED INSULATION BOARD 60MM DENSITY 32-35 KG | J523: EXTRUDED INSULATION BOARD 60MM DENSITY 32-35 KG | K523: 5333 | L523: 20.378 | M523: 46228 | N523: Nos | O523: Nos | P523: 1 | Q523: 5096
A524: {=UPPER(LOOKUP(2,1/(A$1:INDEX(A:A,ROW()-1)<>""),A$1:INDEX(A:A,ROW()-1)))} -> PUR-ORD-2026-00049 | B524: {=LOOKUP(2,1/(B$1:INDEX(B:B,ROW()-1)<>""),B$1:INDEX(B:B,ROW()-1))} -> MR MD For Project Management Services EST | H524: 54912 | I524: NEOPOL SRS 45 (220KG) DRUM | J524: NEOPOL SRS 45 (220KG) DRUM | K524: 24 | L524: 2288 | M524: 46128 | N524: Kg | O524: DRUM | P524: 220 | Q524: 24
A525: {=UPPER(LOOKUP(2,1/(A$1:INDEX(A:A,ROW()-1)<>""),A$1:INDEX(A:A,ROW()-1)))} -> PUR-ORD-2026-00049 | B525: {=LOOKUP(2,1/(B$1:INDEX(B:B,ROW()-1)<>""),B$1:INDEX(B:B,ROW()-1))} -> MR MD For Project Management Services EST | H525: 5460 | I525: BITUMEN IMPEREGNATED BOARD 10 MM -CUTTING | J525: BITUMEN IMPEREGNATED BOARD 10 MM -CUTTING | K525: 140 | L525: 39 | M525: 46128 | N525: SHEET | O525: SHEET | P525: 1 | Q525: 110
A526: {=UPPER(LOOKUP(2,1/(A$1:INDEX(A:A,ROW()-1)<>""),A$1:INDEX(A:A,ROW()-1)))} -> PUR-ORD-2026-00049 | B526: {=LOOKUP(2,1/(B$1:INDEX(B:B,ROW()-1)<>""),B$1:INDEX(B:B,ROW()-1))} -> MR MD For Project Management Services EST | H526: 5250 | I526: NEOFLEX PU 25 LM (POLYURETHENE SEALANT) 600 ML-GREY | J526: NEOFLEX PU 25 LM (POLYURETHENE SEALANT) 600 ML-GREY | K526: 500 | L526: 10.5 | M526: 46128 | N526: TUBE | O526: TUBE | P526: 1 | Q526: 500
A527: {=UPPER(LOOKUP(2,1/(A$1:INDEX(A:A,ROW()-1)<>""),A$1:INDEX(A:A,ROW()-1)))} -> PUR-ORD-2026-00049 | B527: {=LOOKUP(2,1/(B$1:INDEX(B:B,ROW()-1)<>""),B$1:INDEX(B:B,ROW()-1))} -> MR MD For Project Management Services EST | H527: 12900 | I527: NEOSEAL WP 509 -BLACK 24 LTR | J527: NEOSEAL WP 509 -BLACK 24 LTR | K527: 60 | L527: 215 | M527: 46142 | N527: KIT | O527: KIT | P527: 1 | Q527: 50
A528: {=UPPER(LOOKUP(2,1/(A$1:INDEX(A:A,ROW()-1)<>""),A$1:INDEX(A:A,ROW()-1)))} -> PUR-ORD-2026-00049 | B528: {=LOOKUP(2,1/(B$1:INDEX(B:B,ROW()-1)<>""),B$1:INDEX(B:B,ROW()-1))} -> MR MD For Project Management Services EST | H528: 1250 | I528: PAINT REFILL 9" | J528: PAINT REFILL 9" | K528: 500 | L528: 2.5 | M528: 46219 | N528: Nos | O528: Nos | P528: 1 | Q528: 500
A529: {=UPPER(LOOKUP(2,1/(A$1:INDEX(A:A,ROW()-1)<>""),A$1:INDEX(A:A,ROW()-1)))} -> PUR-ORD-2026-00049 | B529: {=LOOKUP(2,1/(B$1:INDEX(B:B,ROW()-1)<>""),B$1:INDEX(B:B,ROW()-1))} -> MR MD For Project Management Services EST | H529: 26 | I529: SCRAPER 2'' | J529: SCRAPER 2'' | K529: 20 | L529: 1.3 | M529: 46219 | N529: Nos | O529: Nos | P529: 1 | Q529: 20
A530: {=UPPER(LOOKUP(2,1/(A$1:INDEX(A:A,ROW()-1)<>""),A$1:INDEX(A:A,ROW()-1)))} -> PUR-ORD-2026-00049 | B530: {=LOOKUP(2,1/(B$1:INDEX(B:B,ROW()-1)<>""),B$1:INDEX(B:B,ROW()-1))} -> MR MD For Project Management Services EST | H530: 30 | I530: SCRAPER 3'' | J530: SCRAPER 3'' | K530: 20 | L530: 1.5 | M530: 46219 | N530: Nos | O530: Nos | P530: 1 | Q530: 20
A531: {=UPPER(LOOKUP(2,1/(A$1:INDEX(A:A,ROW()-1)<>""),A$1:INDEX(A:A,ROW()-1)))} -> PUR-ORD-2026-00049 | B531: {=LOOKUP(2,1/(B$1:INDEX(B:B,ROW()-1)<>""),B$1:INDEX(B:B,ROW()-1))} -> MR MD For Project Management Services EST | H531: 400 | I531: SAFETY GOGGLES CLEAR | J531: SAFETY GOGGLES CLEAR | K531: 200 | L531: 2 | M531: 46219 | N531: PKT | O531: Nos | P531: 1 | Q531: 200
... A571: {=UPPER(LOOKUP(2,1/(A$1:INDEX(A:A,ROW()-1)<>""),A$1:INDEX(A:A,ROW()-1)))} -> PUR-ORD-2026-00049 | B571: {=LOOKUP(2,1/(B$1:INDEX(B:B,ROW()-1)<>""),B$1:INDEX(B:B,ROW()-1))} -> MR MD For Project Management Services EST | H571: 175 | I571: Substructure Waterproofing works | J571: Substructure Waterproofing works | K571: 50 | L571: 3.5 | M571: 46326 | N571: Nos | O571: M2 | P571: 1 | Q571: 50
